x,y,z
512988.75,5258974.5,404
510894.12,5264504.67,0
514092.79,5266801.44,4
505562.64,5264260.63,0
510917.94,5261573.22,67
510787.52,5262544.57,132
506288.5,5267628.53,298
508812.15,5261018.29,220
515150.31,5263953.63,725
507822.53,5264218.99,61
513932.22,5260253.91,140
514189.4,5259673.56,145
511135.54,5264160.38,63
508112.36,5262455.65,64
505406.82,5265428.47,198
512625.74,5259128.85,379
506340.59,5259368.56,261
506724.87,5267442.37,401
505046.8,5264191.31,9
511487.88,5268069.5,280
509907.61,5259933.81,202
508107.03,5267293.94,540
506925.53,5259089.52,232
509705.26,5262067.74,80
511735.84,5261403.72,58
515154.32,5260406.49,450
514199.61,5262480.35,328
507413.66,5267077.89,454
511181.54,5258934.78,316
509501.08,5260460.61,135
510217.19,5263195.65,62
513919.27,5259325.02,391
512366.07,5258908.77,257
509209.19,5268298.4,625
512735.21,5259122.02,388
506475.4,5260525.44,241
511623.19,5259737.05,151
509160.75,5267807.42,498
512948.87,5265193.47,328
511003.28,5266651.25,147
510237.19,5261132.57,109
514095.8,5266883.12,3
514996.55,5259048.66,291
512491.03,5266285.41,3
511588.73,5260234.61,112
514878.63,5263124.38,520
509851.2,5264746.39,0
512459.27,5261223.95,103
512431.94,5258510.81,308
511881.01,5261756.64,90
510832.36,5265617.99,32
507527.38,5264181.39,56
505915.28,5266606.54,170
513052.58,5260811.36,87
514929.34,5260727.5,381
508202.88,5258696.68,266
509239.21,5263561.45,3
512352.74,5262491.44,258
511054.63,5264519.32,0
514071.99,5267547.92,0
506540.46,5267252.06,349
505891.15,5261432.84,141
511129.55,5261272.3,98
511748.37,5268181.47,250
507706.37,5260946.46,309
512074.18,5261508.75,102
512676.61,5260427.29,127
505517.12,5263847.91,16
510339.59,5262992.41,59
514065.7,5258396.15,507
509430.56,5263186.52,17
505832.25,5265668.39,318
509388.35,5266184.54,301
505603.25,5263014.87,20
511773.35,5267777.75,266
506336.99,5259175.58,207
511986.67,5261781.47,114
515194.25,5267810.52,0
506824.16,5258570.3,183
506477.62,5265316.31,156
512915.79,5263432.55,458
509863.59,5262624.24,44
506285.97,5267464.64,368
514408.6,5259067.95,266
515137.07,5258510.87,222
514071.55,5262769.15,271
512806.98,5263312.56,403
508728.72,5261504.77,180
511060.05,5265753.62,22
510491.14,5262254.79,55
514409.28,5259456.47,155
510871.26,5266059.29,56
511138.27,5265201.2,0
514282.51,5266509.16,107
505553.43,5259140.04,122
511056.13,5263871.15,143
512758.11,5261743.85,222
505380.6,5261452.59,96
513800.93,5259724.62,224
508952.92,5259462.35,203
514790.85,5259574.48,232
514766.13,5266965.41,90
515019.85,5265469.65,280
507252.91,5258975.69,347
506110.93,5266718.32,266
510822.05,5265961.62,57
505420.29,5263441.42,26
509479.93,5259117.34,238
506862.25,5258559.84,185
512020.2,5267331.81,123
512755.03,5265947.03,73
512551.65,5261981.77,250
509567.72,5260091.9,174
512270.43,5262439.72,248
512644.41,5259626.32,295
506104.07,5265502.88,187
510803.92,5263686.13,100
505690.27,5264469.45,1
512479.79,5266963.29,11
505824.93,5267126.93,189
505390.55,5260180.14,143
506986.45,5264413.17,128
506274.06,5259323.69,243
510302.06,5268059.83,398
509597.55,5260187.35,193
513278.72,5261516.32,219
506075.82,5259379.19,226
506404.58,5264201,0
514114.71,5266715.16,13
512371.08,5265719.86,76
512328.81,5260343.71,159
506815.15,5259240.75,244
507390.5,5259218.08,338
505393.5,5261352.89,121
512755.06,5266650.27,0
514043.95,5266590.8,32
514478.37,5259222.78,184
512267.49,5263966.11,332
507854.23,5259050.17,390
506029,5266969,163
510208.93,5263110.02,42
506485.58,5267392.66,387
511506.28,5265072.35,0
509303.38,5266867.3,317
507012.84,5267233.74,444
514263.01,5260244.13,212
507767.77,5268030.77,492
511840.91,5260047.94,132
511718.22,5262390.23,196
508375.43,5266020.67,266
511675.11,5260409.19,98
508498.37,5267383.55,575
512399.06,5264816.1,178
514497.22,5259546.19,205
511434.29,5264299.22,74
513575.21,5267520.35,4
513076.22,5266643.58,0
514860.63,5267464.59,0
511234.13,5265123.92,0
508991.42,5258335.89,176
509321.51,5261949.48,208
510362.28,5264383.44,4
512209.61,5268168.92,118
505944.56,5261389.24,161
508791.66,5268253.6,593
505491.99,5259932.76,227
511114.51,5266846.83,206
515224.01,5262295.53,619
505293.39,5260115.02,158
511063.04,5262878.31,124
513408.98,5261804.81,188
505667.97,5266461.45,153
505451.74,5259431.38,170
505143.05,5264569.17,27
506636.97,5260105.93,308
509256.08,5261211.2,79
513324.4,5259630.12,310
514240.59,5266685.98,56
507061.64,5258395.44,220
509564.86,5260956.01,87
505861.67,5258361.39,185
506300.14,5263723.78,30
509625.35,5268139.5,517
513350.22,5265996.62,61
513588.88,5261418.65,223
507188.68,5261100.31,168
514684.17,5261504.57,409
506367.56,5268195.44,151
512628.81,5265440.43,117
506243.74,5259904.81,307
514131.44,5266604.57,42
514162.42,5262236.74,350
511655.22,5261674.41,73
512510.14,5262849.72,255
510635.11,5265912.28,76
506426.08,5262866.1,48
510327.36,5267750.32,481
509812.36,5264379.11,0
508912.5,5265204.19,78
514885.64,5261944.25,526
512550.96,5265151.95,188
515213.95,5262801.91,634
514819.4,5259920.61,287
513038.95,5265482.78,298
508350.98,5264481.8,60
507988.66,5263192.45,0
509629.36,5261788.82,56
505865.41,5259741.92,283
510271.92,5264195.66,16
506757.57,5261463.51,187
512527.84,5260118.32,160
512643.23,5263384.95,405
505776.05,5262651.97,56
510629.14,5263575.83,101
514564.67,5263875.31,609
513494.46,5264943.49,227
510047.97,5260479.49,168
507022.15,5266840.08,356
512463.29,5259336.84,338
514810.14,5261648.4,470
506971.19,5261976.2,86
514089.1,5264181.4,506
505640.55,5266406.49,178
508787.53,5267993.76,603
511336.62,5261759.32,58
514710.24,5265762.79,293
505033.18,5265727.66,180
510443.3,5267694.72,458
513297.13,5261111.42,139
509119.29,5264593.9,21
509278.24,5259627.75,234
512162.63,5262052.87,208
508565.22,5267000.54,429
505650.77,5264511.74,0
513039.36,5266316.8,3
514542.03,5268130.07,0
510790.79,5263755.13,81
505457.46,5262420.93,45
510333.6,5267614.43,443
513503.54,5259098.34,533
506653.52,5262610.17,78
508205.92,5259276.23,229
515236.88,5261785.99,628
506853.45,5261762.75,122
513576.08,5265484.24,107
508710.95,5264137.15,17
506710.75,5259810.66,298
512399.17,5267430.93,82
510492.55,5264962.89,26
509463.93,5258854.77,255
514663.09,5268092.82,0
514781.27,5263453.8,591
513093.62,5258703.7,458
514746.43,5261754.91,466
509556.35,5260502.89,141
514839.21,5267460.15,0
509316.79,5261364.07,103
513175.32,5267905.66,100
514193.25,5265111.95,231
506781.73,5264134.59,35
515241.52,5265619.5,279
506096.32,5265259.06,98
510501.51,5263076.68,78
514026.29,5259648.74,201
508910.29,5264782.56,40
511126.24,5268101.43,270
509709.09,5267371.17,413
513840.61,5261489.91,269
512214,5262958.91,268
514000.41,5266944.55,0
511531.37,5262092,183
513129.42,5260920.95,93
514584.79,5261071.02,297
505990.89,5262011.68,169
512824.24,5261171.91,103
510754.75,5262862.95,108
506448.4,5264548.92,88
514002.36,5259042.93,439
514557.02,5267470.25,0
505574.93,5261264.49,132
510670.02,5261459.3,90
512031.35,5266963.78,66
509432.61,5266110.85,293
508207.75,5260460.42,328
514398.11,5268035.84,0
513081.61,5264107.06,468
515053.38,5258406.42,236
505524.52,5267357.28,112
505463.95,5260609.35,252
509476.97,5264916.22,47
511606.28,5260068.78,126
507242.8,5264904.51,185
512365.6,5263404.3,396
514990.79,5265123.3,397
505510.66,5266366.47,170
505201.47,5258694,202
508279.46,5266243.04,291
512973.84,5266146.75,28
514609.03,5265612.65,382
514146.76,5264567.12,467
510104.66,5261514.54,83
509045.79,5268376.13,589
506119.74,5262350.06,139
513142.23,5258348.72,540
508178.37,5262729.16,57
514089.13,5264487.35,486
515251.43,5263080.41,648
506660.6,5262400.86,108
508360.97,5258888.3,185
508721.86,5265470.58,132
512778.62,5267688.49,46
515214.69,5266727.79,90
514165.76,5265001.44,280
514222.71,5267979.73,0
508016.61,5266951.7,528
509578.37,5258606.41,292
507738.51,5261458.08,244
511770.61,5260206.59,118
512110.49,5258770.97,249
515200.83,5263002.9,639
506670.21,5263835.47,2
511617.81,5261344.92,58
511330.24,5258426.78,384
507716.99,5261423.75,250
514306.87,5258829.61,410
507796.92,5261529.32,189
510660.54,5263218.59,117
513538.19,5266070.61,94
507104.64,5267494.64,454
506823.92,5258802.36,249
509654.58,5260875.29,115
514743.38,5259943.31,256
513662.77,5266053.48,150
510837.3,5261328.47,92
514341.26,5261348.74,318
511543.1,5265020.47,0
510500.45,5260313.22,180
508270.4,5267887.11,573
508429.25,5266526.39,335
508791.92,5262096.52,87
509831,5261027.33,125
512460.63,5258966.79,288
509133.64,5265296.5,101
508123.76,5262715.57,51
513241.12,5263234.67,434
510360.95,5261299.51,77
511562.22,5266678.26,102
511277.21,5262805.61,190
514632.26,5262154.11,503
511440.7,5266432.44,92
512607.5,5263724.92,429
512194.98,5265502.93,60
512473.85,5261455.83,178
508761.3,5267810.38,602
512984.62,5264712.78,371
510355.11,5258981.68,179
510325.17,5259479.76,202
513999.24,5264039.5,515
508154.09,5264891.81,160
514884.99,5265527.17,254
505090.42,5267207.07,94
510994.79,5264708.05,0
514873,5266137.88,134
510631.22,5264796.73,8
507570.89,5266523.5,459
511820.47,5265582.48,0
512413.83,5262222.25,254
509807.33,5258644.79,309
507842.15,5267954.09,528
509588.11,5261789.91,82
508425.68,5260940.12,235
511811.4,5261299.46,62
513792.59,5259974.62,187
506852.76,5267163.97,405
509418.05,5266213.65,291
513789.56,5267733.16,3
514324.65,5259699.84,164
513730.66,5263714.67,583
512933.27,5258734.69,384
507767.57,5266901.57,501
506807.96,5263603.08,28
509780.7,5262792.51,39
506671.89,5267624.26,334
509681.87,5268065.7,510
511604.07,5262037.94,161
510102.69,5266546.02,296
511052.06,5259169.29,317
506899.68,5258378.68,219
512233.32,5267920.93,161
509307.01,5266684.6,322
509925.63,5258725.03,287
513254.99,5260047.23,202
507576.52,5260597.23,333
510050.93,5263515.91,48
510422.45,5264709.64,0
507104.64,5261546.26,118
515199.5,5265246.04,320
507196.17,5258468.53,263
510143.72,5258331,265
507824.95,5260874.81,233
512080.28,5260352.08,161
508611.18,5259831.22,134
513356.41,5259833.91,266
509616.1,5267467.45,399
510221.31,5262076.06,29
510863.88,5267716.93,311
515150.51,5267095.56,71
514696.78,5266422.71,218
513366.52,5267647.17,34
508711.29,5268231.15,573
514937.78,5265742.63,252
508610.55,5263184.56,6
505028.51,5259285.94,129
505629.85,5262969.23,24
512959.07,5261799.79,157
512988.37,5267125.24,12
514476.61,5262070.78,489
511960.41,5258290.36,319
507959.67,5264958.98,191
509643.04,5262814.36,49
514613.47,5266963.97,83
512519.15,5259732.59,252
512158.99,5259441.52,260
506805.04,5263086.14,30
510085.26,5266913.39,353
508021.39,5262168.38,82
509571.98,5264594.56,4
513532.75,5267671.1,19
509134.52,5264183.56,1
505766.5,5261667.53,96
510251.51,5266032.89,164
511377.62,5262098.73,195
508494.53,5262355.4,101
509347.59,5259937.3,163
512207.31,5267304.66,92
510023.92,5261050.43,135
513420.01,5262195.66,189
508218.47,5268121.01,550
515281.06,5263094.97,655
507953.54,5265650.5,218
514380.11,5263163,388
507869.5,5265494.03,253
510437.34,5260446.12,172
509233.54,5268306.28,629
511899.89,5262604.96,195
510590.64,5261438.57,92
514723.39,5260782.26,318
511599.86,5263402.14,272
508196.34,5262233.06,60
505815.73,5259267.45,129
507116.5,5261401.83,140
507381.82,5259150.27,340
515093.69,5260282.6,401
505711.57,5262353.75,81
513343.55,5263736.67,497
506899.13,5261670.75,121
507099.82,5261989.21,114
507006.57,5265458.08,240
510197.28,5260137.17,199
512372.59,5264139.14,277
511870.96,5263945.98,200
505623.06,5260088.85,233
508556.85,5267976.23,585
511543.89,5263453.61,252
513983.45,5264581.51,420
511817.89,5264313.67,182
505533.58,5266572.04,135
505833.64,5260130.26,297
513765.81,5262724.53,273
513022.09,5262278.59,267
510752.69,5259162.62,225
506710.19,5267971.11,265
510786.44,5263081.11,125
513477.57,5263645.39,545
509758.02,5260720.74,114
513707.4,5267109.82,0
506405.63,5264839.86,47
509994.52,5258327.57,290
510258.38,5262364.92,40
514527.03,5266900.27,79
513887.95,5265948,205
509186.86,5266401.08,318
506121.33,5258704.21,227
505997.26,5263484.77,20
506308.69,5262348.63,156
511554.22,5267958.54,266
505504.56,5259938.22,227
505808.36,5263909.43,4
506090.95,5268354.9,127
505135.24,5267129.41,97
511178.79,5264746.57,0
511353.16,5265608.23,4
508846.69,5265062.11,51
506314.46,5261047.63,190
511099.8,5261293.57,93
512951.13,5263742.23,423
509235.7,5266526.61,328
507831.59,5263012.83,30
508789.8,5263598.05,0
505599.48,5267822.17,119
505469.63,5268221.91,109
514398.95,5265052.25,367
510946.85,5267393.63,284
515008.75,5260639.91,406
511925.16,5265533.07,7
511105.15,5263726.81,158
514153.4,5259820.23,133
511464.47,5264140.84,142
514358.98,5264945.26,350
513799.75,5264529.96,332
508221.26,5266754.65,417
508751.42,5262788.43,140
508455.03,5266395.78,288
507569.15,5265130.3,237
512997.83,5264016.03,438
507145.38,5265043.31,174
509254.44,5263358.74,3
511573.77,5264781.19,0
511544.09,5260291.25,122
507966.56,5262437.94,69
515092.85,5263258.06,622
513584.73,5260652.94,118
509506.01,5263044.38,35
508574.5,5264045.44,10
513302.13,5259832.76,254
512471.8,5264264.16,204
511063.94,5264732.8,0
505851.97,5267500.13,186
510601.46,5267134.85,308
507469.32,5262682.74,90
511900.55,5261826.15,102
511683.81,5260801.35,148
507497.47,5258852.84,373
511378.69,5265797.54,7
512489.21,5262684.31,258
507907.62,5259718.23,260
509292.99,5260714.19,63
506219.34,5261075.84,168
506157.05,5266188.5,285
507648.48,5268254.34,373
510213.31,5262618.19,41
510921.04,5267477.77,271
512473.85,5258606.49,323
505045.28,5264189.46,6
507489.34,5265055.39,222
514360.95,5267122.5,1
507998.48,5267647.66,544
510026.71,5267780.17,605
514074.16,5258379.06,499
507578.38,5263729.47,14
507432.6,5262972.02,40
509020.28,5259351.5,240
507897.61,5262451.16,98
506187.2,5261631.26,136
508413.69,5259040.26,141
507436.8,5261649.35,170
508947.97,5266541.93,311
507444.47,5258487.35,285
511213.22,5260258.36,166
514379.23,5261567.91,346
513716.08,5267629.15,4
511575.51,5261530.86,54
514783.97,5263259.79,495
513448.5,5261454.17,229
506047.62,5259807.3,313
510801.63,5261262.93,96
505911.85,5268192.44,140
513437.36,5264270.39,543
508368.72,5266057.83,268
513897.88,5260672.49,206
509806.2,5266586.85,274
514163.73,5260812.16,219
514985.54,5260510.16,345
510592.94,5268084.91,363
506884.11,5258490.59,187
514245.85,5262470.13,337
511247.18,5263287.66,230
506338.96,5265196.75,123
514358.45,5265690.96,373
510982.39,5260040.83,196
505620.61,5262419.54,62
513184.55,5262577.28,320
506205.36,5261763.21,148
511004.26,5258999.04,307
511590.33,5262770.06,241
514477.74,5267063.95,10
514403.88,5268031.49,0
510519.86,5262574.8,78
511541.78,5258342.23,402
515176.34,5265801.62,228
512864.72,5268118.96,198
506175.91,5266580.81,259
513375.36,5265995.47,45
513366.64,5265498.35,175
508121.54,5260896.1,262
505374.35,5266860.7,108
512412.65,5258940.97,269
510553.62,5262404.34,75
505448.72,5259943.27,213
513403.53,5258317,563
512366.49,5258573.93,298
513069.06,5259792.48,267
511541.53,5264220.8,133
507417.97,5268334.55,298
515138.68,5266633.43,63
505675.22,5267412.46,145
511860.29,5264108.39,169
505277.01,5261936.88,55
509805.46,5259569.62,234
514743.35,5258706.76,262
513583.76,5267261.85,0
506179.29,5261677.73,141
513282.23,5261633.5,178
511787.36,5263231.18,288
505342.21,5261057.62,140
505639.14,5266412.72,178
508627.06,5265008.72,64
512539.11,5263528.83,419
512182.73,5268347.08,96
513065.93,5263773.19,413
505048.37,5260993.63,76
510410.4,5263447.16,81
509506.68,5265425.5,111
513739.38,5264381.98,417
514785.37,5263660.82,635
511477.1,5260814.63,80
511516.77,5265028.98,0
508827.08,5259125.19,173
510838.94,5263326.13,151
508617.75,5267791.1,598
512847.04,5258984.43,377
510379.89,5259346.57,207
511243.51,5261783.93,49
513922.57,5261834.76,342
506382.55,5262852.19,49
509143.16,5261514.23,187
511305.79,5267708.17,260
505959.12,5264987.95,99
508989.94,5267996.9,620
508461.03,5261725.72,124
506587.21,5260060.11,300
508718.27,5264433.92,27
512580.67,5262050.87,253
507587.27,5262009.41,201
513608.3,5261078.98,191
512305.15,5260007.97,173
508769.08,5267502.9,547
508634.23,5259487.87,99
508058.96,5263225.74,0
511117.34,5264587.24,0
509034.05,5259724.41,162
513282.03,5265999.54,87
510436.2,5258407.85,328
509906.6,5265508.27,91
510725.96,5260304.42,117
506461.58,5264378.47,28
511269.74,5260207.78,178
514171.11,5266340.03,86
513807.08,5261863.97,303
507235.63,5260667.52,302
505119.17,5259177.68,120
507402.75,5265989.97,501
515119.18,5264581.98,577
506608.17,5259543.3,327
510086.78,5267044.48,375
507060.7,5267406.04,451
505548.31,5266443.74,164
508483.6,5262294.73,113
508905.04,5259170.66,197
508974.17,5264056.31,12
511875.04,5265637.88,0
508799.08,5264032.2,11
515000.35,5262955,611
514690.15,5262095.16,500
508417,5265000.76,83
505714.76,5260243.08,210
508414.59,5264041.19,16
506647.44,5264202.55,18
512685.07,5260524.07,128
507932.29,5259044.86,352
508342.41,5265495.54,192
508404.21,5260105.33,208
511834.85,5266526.43,19
511127.55,5259981.27,242
505390.56,5266667.47,117
511504.28,5263355.22,247
506941.1,5265808.29,428
506291.67,5262362.32,148
510990.62,5266212.69,66
513181.67,5267587.4,27
512470.62,5259222.64,362
509104.35,5259924.04,112
513810.58,5267896,12
512183.97,5260545.75,159
507354.49,5261915.41,162
505736.8,5265906.29,370
505633.06,5265828.36,367
510378.85,5265868.24,97
509743.83,5261425.48,65
505479.07,5260441.77,237
510605.13,5268083.43,363
507728.12,5266115.54,364
510098.14,5266656.09,316
509183.05,5262107.56,229
509559.45,5259630.78,209
505112.56,5261383.03,82
511650.7,5261722.9,93
512808.16,5260066.97,219
513653.86,5266783.38,0
509247.54,5263537.14,3
508603.99,5262001.17,129
511453.16,5262114.52,166
510516.21,5260076.68,167
511258.66,5264798.48,0
512000.93,5259249.94,209
507878.31,5266099.44,314
510853.6,5265384.15,32
514341.79,5262546.55,348
513637.38,5266539.01,16
508191.4,5259819.77,208
513734.15,5258807.68,556
505310.82,5265390.03,166
505489.55,5258867.47,183
512792.6,5262778.28,322
512556.17,5266043.91,28
511166.24,5262832.93,137
514613.31,5260337.34,244
511413.28,5265213,1
508346.38,5268168.03,530
505687.33,5267403.36,152
509099.83,5266219.06,279
511517.14,5262346.21,214
512647.47,5259086.81,384
511874.2,5263183.46,283
511578.14,5263479.01,263
512044.69,5258651.92,258
514396.98,5262532.44,367
511905.83,5259281.78,194
510780.35,5263327.61,146
507155.52,5263634.89,0
507067.32,5260435.64,281
509220.29,5263888.06,0
513650.9,5267308.05,0
508150.76,5258761.44,285
505458.94,5259942.6,213
505490.51,5260385.32,196
514367.09,5264975.9,352
505295.74,5261652.72,69
510607.89,5264830.72,17
511943.5,5264200.21,222
514153.87,5259987.82,147
510710.76,5266729.9,161
509004.12,5261346.42,209
506408.49,5266796.45,347
509021.92,5262055.79,183
507065.6,5266118.33,476
506048.76,5263451.23,21
512049.37,5261996,187
513224.32,5266988.98,0
513379.78,5265808.02,99
514753.82,5262550.7,470
512623.3,5263049.58,320
508183.05,5262602.8,80
513305.69,5261573.61,204
508704.24,5266227.95,270
511418.66,5261821.06,93
511786.4,5262612.59,184
510086.34,5261259.34,102
515138.84,5268023.63,0
512206.97,5261882.23,180
510527.83,5261056.58,102
514680.11,5264476.63,530
514688.23,5264178.8,622
514556.71,5267401.44,0
513139.72,5264155.05,509
505541.09,5261812.7,77
511804.1,5258875.22,234
509313.26,5267123.67,288
507538.1,5264933.99,196
514302.67,5265354.46,327
512948.39,5263127.15,374
505976.78,5261854.16,133
514733.59,5258954.26,177
515062.19,5262002.67,585
510802.87,5267764,335
511849.52,5267908.7,279
514059.54,5266857.32,2
512093.85,5268187.82,144
505673.66,5264495.05,0
512178.95,5268217.7,118
507388.81,5261973.17,164
509752.81,5264053,16
506423.63,5260422.8,261
514846.34,5263893.04,656
512546.93,5264462.06,225
507730.72,5266022.71,349
507393.82,5264077.58,48
512585.98,5263696.4,434
506537.78,5261117.76,251
505521.25,5262188.75,73
515255.96,5263528.99,694
510653.63,5267083.14,269
505910.49,5264362.27,18
511956.7,5261105.02,70
512689.3,5260576.18,129
506797.48,5266808.57,336
513647.31,5264978.75,201
508117.78,5267314.89,543
510810.35,5260107.62,133
505738.6,5265727.38,371
507994.2,5260690.9,338
510720.6,5260607.34,159
510603.44,5259582.56,151
505119.98,5258724.44,193
507377.24,5259911.17,337
513757.07,5265276.95,198
514445.81,5262570.53,371
505966.79,5260016.97,331
508853.92,5263801.39,0
505069.9,5258386.74,234
507370.49,5259618.79,398
507492.57,5258863.41,373
511247.94,5262484.88,187
511584.8,5261566.33,56
510257.23,5258444.92,269
510795.13,5261948.71,45
512014.14,5265070.6,71
512952.2,5261617.38,147
507980.6,5264481.67,92
513086.64,5260403.36,189
511133.69,5261985.49,72
505544.25,5260292.68,137
506967.28,5265457.96,243
511371.53,5266467.56,116
511270.71,5261305.74,80
509003.37,5265258.33,68
507966.28,5263179.64,2
506606.17,5259401.3,317
510532.46,5265540.24,54
506194.33,5262751.6,63
514235.1,5265923.89,271
508853.06,5266036.87,252
505740.16,5260950.86,225
508299.01,5267346.92,561
514353.52,5258452.36,420
506194.19,5265143.35,83
509679.76,5267924.26,437
505148.92,5266524.41,120
506908.57,5263864.23,0
515218.67,5259369.72,424
510681.01,5258903.97,209
512828.26,5261556.78,186
508420.94,5267672.49,585
512900.96,5266694.93,0
515090.48,5267215.34,60
512810.53,5267086.2,14
513858.54,5261383.04,254
506822.03,5265557.76,271
506862.61,5260606.28,234
510757.47,5258738.57,273
512462.81,5259858.62,203
510006.52,5266958.32,391
508490.37,5258303.4,227
512097,5263391.25,354
508528.44,5262952.69,88
506042.85,5264621.29,1
506612.36,5263797.09,10
514669.41,5265760.45,318
507173.05,5268183.7,265
513090.08,5266716.16,0
505437.92,5263163.63,21
509851,5264899,18
508304.58,5263260.16,0
510680.38,5260331.39,144
505334.82,5265751.54,304
513624.5,5264046.62,564
509027.16,5268170.43,626
509310.45,5258808.71,210
506974.39,5266818.04,365
506199.89,5258915.79,166
511763.18,5261521.67,71
505460.21,5259466.44,183
512993.38,5261406.41,116
505236.09,5260821.07,127
508502.18,5267350.92,573
515039.82,5267397.7,10
509761.61,5266666.54,276
509419.99,5263260.05,8
510927.25,5264649.55,0
513871.65,5258958.76,494
511299.78,5268357.62,301
505271.66,5266720.75,107
512786.62,5261182.06,98
509445.21,5259661.71,225
508222.34,5267705.22,569
506819.32,5268151.73,227
514695.69,5260140.38,235
513721.13,5262365.51,198
514240.35,5262868.24,335
513284.41,5262039.31,185
505212.66,5261313.21,103
506737.27,5266504.68,318
506032.88,5267155.93,213
509922.86,5264024.65,26
513749.11,5266571.3,9
505841.87,5260368.95,168
513319.25,5264631.32,423
506769.08,5266379.69,337
505422.75,5266837.69,111
509506.23,5266032.52,280
514713.18,5258417.37,255
509910.44,5260109.88,184
514705.45,5267805.66,0
513257.82,5261652.51,178
509810.79,5260691.16,116
511526.59,5262033.23,171
512978.05,5266636.62,0
510175.7,5266933.28,338
506014.58,5266802.46,224
509216.8,5266941.09,341
514968.88,5267745.24,0
508801.91,5265435.14,122
513413.95,5267626.78,32
512022.22,5265261.59,45
508053.96,5263853.55,20
507371.75,5267893.44,430
514683.78,5265425.67,366
512721.17,5262601.7,264
508583.83,5260441.88,303
510704.38,5262530.6,113
513902.99,5259653.14,217
506638.02,5265899.8,402
508738.5,5264378.42,24
510777.83,5259072.17,233
506178.17,5265503.59,187
505780.73,5264967.59,122
510277.76,5264897.29,19
512941.06,5266095.1,39
511133.81,5262164.98,184
506376.54,5267581.77,336
509561.95,5264557.27,1
511740.43,5266226.72,4
513314.88,5265933.64,91
513970.88,5265395.6,165
511435.75,5265902.73,7
508679.3,5261655.56,160
510340.82,5268176.98,435
509862.84,5262859.13,34
513095.02,5261539.24,138
506297.13,5262718.32,69
512687.14,5265905.81,64
515152.88,5260616.94,447
506742.61,5259013.86,202
514670.61,5260074.12,228
513572.28,5265915.31,92
513745,5259958.91,213
505109.24,5264111.14,0
509130.51,5263509.55,1
510065.64,5261394.64,101
509992.32,5263912.98,35
507395.42,5263049.73,29
508026.38,5267035.19,532
506525.78,5264900.36,60
513533.15,5259156.23,520
513895.49,5262138.9,286
505926.61,5266268.61,220
515126.61,5267020.6,59
505900.1,5260829.89,244
515192.57,5263851.34,721
511317.88,5265484.34,3
511890.59,5262208.4,178
507501.36,5260247.07,322
512329.47,5258484.56,301
506819.16,5259030.28,225
513200.76,5258801.11,480
511589.14,5259918.64,135
507645.04,5265104.88,218
514782.37,5266457.67,209
514158.12,5263265.8,397
509084.36,5267615.23,411
510447.6,5268042.75,365
505624.28,5266235.37,258
514213.57,5261515.02,308
506868.32,5267968.74,313
507937.66,5263021.92,28
513717.81,5262089.87,203
509115.09,5264871.12,46
505070.51,5268248.86,131
512770.84,5261302.85,115
510913.14,5259735.24,219
514448.58,5260163.59,209
506528.18,5259613.22,324
509138.18,5267262.96,320
511494.47,5262586.82,214
510836.73,5265776.79,50
506930.88,5260197.28,272
514569.32,5263877.76,609
508499.64,5261458.35,150
507117.86,5261818.73,125
513659.73,5262711.04,303
506878.25,5263576.27,25
513977.09,5258811.11,553
510935.93,5262442.05,175
505584.51,5266016.09,346
512682.37,5267005.37,11
513898.48,5261259.8,246
510611.18,5262129.38,65
514425.16,5265831.46,352
514629.35,5264760.98,411
507914.88,5262876.45,52
515184.02,5261825.93,605
507786.24,5261326.85,229
515268.9,5266758.98,116
510028.93,5265065.67,30
505090.88,5262628.64,40
509761.08,5260536.73,155
515213.39,5262575.64,616
513503.66,5265597.03,89
514799.31,5259097.3,255
513263.56,5259629.35,297
505190.01,5259364.58,110
505928.54,5260490.02,189
514827.21,5264089.1,648
514432.14,5266120.41,270
506477.3,5262605.97,85
511969.8,5258516.7,277
509302.92,5266469.08,320
510456.68,5259504.25,158
513484.77,5261704.42,213
513841.68,5259958.67,171
514272.6,5259879.7,148
507342.06,5260662.41,328
507516.92,5259113.72,381
505893.17,5268329.03,118
513450.47,5259291.58,449
514549.7,5266074.53,315
513940.73,5258885.8,503
512429.5,5261995.78,236
507560.25,5261391.4,264
507503.42,5258302.44,317
509375.49,5258823.6,230
515138.52,5258941.91,237
511792.13,5268139.87,239
514146.68,5267291.9,0
511705.33,5264623.52,47
510222.05,5267828.57,490
513837.86,5264828.2,311
505693.54,5262412.09,69
505284.14,5259679.78,214
511378.57,5266467.01,116
514732.84,5262399.96,461
514181.66,5263782.54,603
509975.49,5266285.4,264
513386.39,5267537.2,18
513913.31,5261606.9,302
509493.69,5265447.85,111
512904.49,5261614.9,177
508882.14,5258572.63,147
514343.54,5260230.89,215
510313.79,5267645.65,472
510956.42,5261621.33,57
509510.83,5258937.04,266
505880.06,5263672.77,7
508653.67,5260443.19,260
514239.76,5262412.24,371
507839.75,5264666.79,119
509099.17,5267548.21,392
507197.27,5263649.29,0
510539.92,5261654.72,65
510376.67,5265508.81,60
513888.81,5266849.51,0
514527.83,5263200.29,427
514152.11,5268074.94,3
508472.69,5267546.32,583
506932.99,5266114.48,459
510277.88,5260261.26,182
510461.47,5262759.98,62
508173.37,5267372.67,545
507808.69,5258667.48,360
511815.58,5262278.59,116
510585.63,5268269.13,342
512283.79,5268171.18,99
505051.68,5261899.57,37
508013.32,5265538.36,202
514489.67,5263979.15,601
505473.38,5260324.63,177
514105.28,5259006.36,416
513963.75,5259637.32,214
510491.45,5264278.01,4
508848.47,5261380.48,210
508995.89,5266500.32,302
507777.77,5259731.5,316
507152.96,5263240.4,4
506963.17,5262582.88,49
513646.81,5265076.31,194
510158.06,5259591.7,221
509665.28,5266670.31,227
515028.52,5258876.94,220
508206.87,5261703.87,114
512695.85,5260842.87,81
514690.83,5263015.48,492
508939.12,5258339.68,167
514784.86,5264289.17,601
510224.73,5268057.72,426
510840.2,5258862.7,249
508435.97,5263465.09,2
509830.62,5267971.91,560
509243.22,5259315.97,239
514297.15,5260391.04,217
506147.62,5263019.5,37
512444.4,5265692.14,91
512852.19,5266523.87,2
513118.11,5265737.35,212
507660.79,5260770.46,310
505174.43,5259362.58,112
512938.28,5263074.43,366
514200.28,5261271.8,286
511653.47,5258955.46,239
505674.63,5261023.94,205
507986.98,5266494.53,379
507598.82,5263503.39,3
509008.52,5265568.91,140
505040.59,5260730,90
505033.4,5264987.06,69
508653.92,5267548.3,593
513283.89,5261504.05,219
508065.42,5259098.45,285
513429.58,5267644.21,31
505344.38,5265577.24,274
513454.53,5264339.08,489
509959.89,5263117.57,33
514869.01,5261867.18,524
508532.33,5259919.06,194
505631.88,5267453.78,133
510877.16,5264030.68,54
507388.68,5258960.07,370
512879.45,5261225.26,101
508614.57,5262808.76,116
508867.3,5259907.87,89
506299.44,5260376.44,239
508815.17,5264320.87,21
513133.46,5263155.56,400
507537.4,5265178.95,253
506483.8,5259702.87,310
509037.02,5262936.21,89
514214.78,5264764.76,377
506005.57,5261619.82,113
512414.47,5260554.04,114
505076.06,5266190.23,147
512137.22,5261120.5,66
513959.56,5262333.62,254
511987.95,5265987.07,0
512495.83,5258445.32,332
509719.88,5266113.14,142
513402.52,5264410.96,457
514016.86,5262239.46,266
509828.77,5261438.32,77
506469.92,5265738.53,375
506070.19,5260716.51,257
507915.23,5267742.01,545
505464.05,5261696.96,88
507965.6,5261325.34,147
505491.66,5263926.68,5
507906.8,5259319.86,301
509077.86,5267173.02,361
511814.76,5260387.48,112
512888.35,5264630.77,368
506344.35,5261602.12,189
507813.02,5264069.75,44
505211.22,5263027.5,34
512979.22,5268128.2,198
514244.02,5259446.7,224
512538.58,5262443.89,278
505363.37,5260528.32,231
513971.87,5259426.37,326
508698.11,5260260.3,245
511627.13,5267890.01,267
506378.57,5259225.63,257
507319.24,5266024,500
514858.38,5264646.61,531
509100.94,5261015.3,131
510668.72,5259300,189
513654.84,5264528.77,330
513272.48,5263478.13,535
514232.99,5268025.23,0
507353.74,5259429.81,323
509759.36,5259536.65,234
505221.83,5267356.61,108
508500.45,5264208.18,19
510474.88,5263072.71,74
509069.48,5262253.11,170
505855.63,5258599.75,217
512897.8,5267696.57,68
505640.39,5258485.88,172
511641.68,5264851.17,0
505345.36,5267271.08,119
514435.95,5265550.55,382
507337.02,5261865.28,160
510659.69,5261586.87,86
510956.99,5265084.37,7
514667.3,5262178.07,508
509008.59,5261466.6,183
506640.23,5266942.43,278
505184.59,5260312.57,126
510927.86,5259145.71,299
507203.5,5265577.13,353
513873.03,5261668.9,306
512383.09,5267745.18,135
509329.41,5260630.83,80
511143.49,5262668.67,123
513658.62,5260323.13,103
505189.09,5261041.39,100
505674.49,5267359.75,145
512904.75,5259010.47,391
508111.62,5260243.49,325
509321.39,5260585.14,90
507391.56,5258486.2,287
512018.82,5267240.07,105
506665.81,5264153.18,2
511661.82,5261650.93,62
509993.13,5259588.82,242
508080.29,5262942.57,19
511698.26,5267483.34,157
509585.88,5267533.72,369
509514.45,5262811.52,62
505666.64,5267959.39,129
505560.23,5258507.21,185
513869.88,5258881.4,526
510672.55,5263639.44,96
507746.08,5266308.59,402
507259.15,5266993.75,408
514726.2,5263158.4,448
513122.82,5258301.34,541
506870.05,5260357.82,263
511135.05,5267689.7,276
512694.2,5262028.78,230
509841.91,5260233.88,184
510278,5264282.38,9
507679.33,5264488.49,120
511242.62,5267739.23,269
510641.57,5261682.01,79
510120.53,5262740.49,37
508074.32,5261615.37,101
511546.57,5262036.81,171
513691.29,5260359.77,106
509812.23,5264020.25,23
509757.17,5264482.28,0
513391.95,5261996.66,157
511726.76,5264625.6,55
508906.06,5260403.2,141
512099.54,5260477.67,170
505948.74,5259386,176
510430.09,5264448.2,1
507871.55,5266591.06,433
510735.86,5264384.6,4
512853.09,5261134.44,111
511681.71,5264162.94,126
513337.72,5261184.75,135
514913.16,5264755.83,534
511997.25,5262767.67,237
507793.71,5266463.07,419
508148.5,5267422.84,547
512934.48,5265072.92,315
514349.99,5265676.01,367
513091.6,5258543.66,470
514165.1,5259324.6,300
507508.83,5267516.87,495
514740.62,5263174.94,448
507776.02,5263779.56,20
513865.97,5262471.73,226
511426.92,5260901.09,78
508277.91,5265350.51,168
510776.87,5263985.9,69
506322.85,5261377.75,233
515266.65,5265937.59,121
514292.02,5263613.79,598
510881.41,5268352.6,321
508974.53,5265769.66,195
507481.93,5259091.27,377
514862.38,5261963.74,528
507848.54,5260011.19,322
507208.65,5260849.66,278
507061.88,5265996.5,480
508045.15,5264586.64,113
509145.58,5263545.05,1
505683.48,5266014.01,366
509247.37,5267925.39,513
506192.46,5267207.87,296
508310.34,5263861.54,13
512305.37,5261156.65,84
515208.93,5260534.13,475
506974.39,5263118.15,23
510783.17,5260519.25,136
508068.78,5265520.47,193
511487.92,5258992.51,260
506593.53,5266773.26,333
509001.36,5265283.74,68
513575.45,5265319.03,132
508745.62,5263894.87,1
508169.98,5267277.33,547
508973.03,5265377.29,99
510913.82,5261397.25,84
514183.08,5264846.61,357
511314.48,5260589.66,108
512917.68,5259424.25,348
505898.58,5264214.39,20
514600.72,5259004.1,185
507206.16,5260629.95,288
510146.49,5258488.76,233
512824.23,5263266.84,391
510814.72,5262689.97,93
508939.07,5263439.59,0
505992.86,5265689.87,253
511856.47,5268058.79,249
509270.26,5260338.83,125
512205.86,5262272.76,246
505026.3,5268013.06,127
506151.05,5265106.7,69
513080.25,5258915.36,418
513681.1,5267963.66,34
511765.81,5265997.45,0
511393.11,5259203.28,208
507315.33,5262425.92,98
511992.12,5262385.12,200
514403.73,5265446.15,367
507738.99,5260982.75,295
508971.84,5260312.62,113
511205.34,5265910.74,28
514463.55,5260057.91,209
511193.4,5266374.52,68
508247.76,5261479.48,122
510262.84,5261052.44,125
509907.31,5262489.01,53
515019.36,5267541.11,0
505264.79,5262479.16,19
505946.93,5267034.64,161
506086.96,5266817.49,254
506550.72,5260524.61,236
510108.67,5258346.6,252
507897.1,5261693.15,140
505264.55,5264185.8,0
509243.35,5263857.06,0
512597.41,5259006.71,349
513919.66,5265998.68,222
510472.64,5261464.25,67
508672.69,5261005.95,246
508074.92,5263051.79,13
511772.28,5263851.19,275
506163.15,5259913.67,322
506119.93,5264066.23,6
514282.67,5267943.63,0
506759.28,5264999.53,143
514475.09,5266780.11,55
505972.43,5258893.93,191
514751.47,5260676.28,288
514991.56,5268233.74,0
506492.39,5266512.3,269
507684.67,5267939.95,483
506961.73,5262379.24,65
511412.57,5266645.54,134
507937.67,5263564.86,8
505067.53,5263589.85,28
506187.72,5262273.73,164
509698.1,5261840.71,34
511946.27,5259831.26,160
505726.13,5264349.68,25
508033.93,5266564.9,397
513245.19,5259026.99,452
506080.03,5266560.05,231
510736.39,5262924.08,127
509886.05,5264184.07,9
507355.94,5263636.6,4
505725.41,5266974.73,136
507587.78,5260433.88,351
514714.72,5263537.57,603
506493.78,5263865.63,19
505081.95,5265088.96,78
511033.13,5260149.91,185
505035.56,5263019.2,39
514595.67,5265305.66,382
512543.5,5265810.3,80
505535.34,5265716.22,345
515030.25,5260202.22,369
507650.42,5260957.97,311
512526.05,5261055.94,86
512795.65,5259973.74,214
514424.56,5260468.31,238
512196.63,5266600.61,0
505047.23,5259630.87,124
508301.14,5262631.45,64
514110.86,5259866.51,125
515201.47,5259650.94,447
508876.59,5261432.23,180
514184.24,5267196.91,0
514935.74,5265234.33,342
511485.07,5265860.12,5
513581.31,5266567.99,8
511654.38,5259606.68,156
506528.51,5268119.03,192
506282.04,5263823.37,33
509934.3,5258529.93,325
513752.08,5265794.42,175
508508.9,5265585.87,123
513103.98,5267852.8,92
513914.01,5267304.98,0
511773.36,5266049.12,1
514565.59,5267485.12,0
507106.2,5262678.91,61
506078.14,5264947.9,93
505251.18,5265768.81,285
510264.91,5267512.33,450
510380.02,5268322.89,419
512699.46,5267238.19,23
508920.1,5260998.14,184
511089.19,5258366.15,399
514908.17,5264900.35,488
506877.51,5259424.75,339
505995.98,5266138.45,290
508798.11,5263495.35,0
509397.04,5264574.76,11
512559,5263875.57,364
510208.07,5266412.18,226
509663.95,5267131.73,365
509246.5,5262019.49,196
510235.35,5263401.27,64
513511.96,5266343.99,46
514549.3,5258446.03,344
506463.86,5267846.03,221
511349.05,5263092.19,226
515171.39,5267388.58,24
507048.56,5268312.55,188
511869.34,5260455.67,123
509359.83,5265561.87,177
512749.92,5262699.25,312
507400.95,5267958.03,419
512365.11,5266960.06,20
507985.97,5264351.01,77
511242.21,5259483.86,309
514435.5,5266722.37,75
505325.58,5266586.31,123
509534.31,5260135.79,173
506231.59,5261479.36,161
507668.31,5258487.51,324
513312.66,5266138.16,53
505603.14,5264319.08,1
507459.65,5259024.07,375
514611.61,5260627.49,274
508101.35,5264424.18,84
510839.18,5262258.9,132
513901.18,5258287.29,522
511799.4,5259683.14,145
510197.48,5268097.64,440
510553.01,5261018.47,110
512987.95,5261195.26,125
512602.86,5263668.64,432
515140.43,5261590.85,576
508113.09,5263530.46,7
505620.31,5263461.96,8
508124.67,5259347.36,235
509173.23,5262494.82,191
510726.02,5261322.96,96
509231.63,5261355.84,144
514356.71,5267144.43,0
508728.32,5263115.93,49
506617.41,5266619.45,333
515253.43,5266438.46,107
509887.96,5264189.46,9
505775.22,5259294.5,133
505614.78,5259518.22,226
506288.05,5264055.17,19
512142.65,5258551.18,284
509797.79,5264933.8,27
511730.28,5266549.82,31
512825.55,5259440.48,331
505269.15,5267482.98,91
513486.46,5263257.69,515
511364.39,5262200.47,210
514434.54,5258496.99,410
513265.03,5264760.28,399
513483.15,5263964.34,557
508940.94,5263043.65,73
506710.57,5260810.07,260
511885.5,5259163.87,211
514180.19,5268046.61,1
511925.11,5261672.29,98
506500.12,5263826.97,23
511077.91,5260714.2,86
514689.29,5266132.19,208
509374.73,5262881.11,57
511733.51,5264257.31,121
508214.12,5261527.58,123
511221.89,5259409.57,313
508173.68,5266315.81,294
512338.4,5261474.48,142
510419,5266818.34,257
508832.8,5259788.06,106
513433.85,5261653.57,214
512726.65,5260159.66,192
508612.96,5266534.26,317
512136.72,5263719,333
505329.35,5264798.56,69
507040.69,5259721.73,307
509912.43,5266035.33,141
505119.43,5268267.85,134
513358.62,5259551.02,356
510667.18,5267809.14,357
510596.13,5259289.4,168
513431.82,5265864.54,47
509572.4,5266860.39,234
514971.53,5264932.37,468
506957.5,5265878.29,449
506016.8,5259206.79,143
512817.18,5267666.72,47
510111.7,5259834.09,232
507588.04,5258775.44,365
513448.35,5264361.54,471
508773.86,5261974.28,73
507183.08,5261553.09,139
514580.5,5258797.39,254
507983.49,5265522.52,191
509650,5267713.8,402
506110.19,5266562.28,231
509218.71,5263481.83,2
514300.16,5267893.87,0
511940.47,5259869.31,162
509642.12,5266438.73,162
507126.57,5266777.26,399
511978.89,5262537.8,190
514721.98,5267342.45,6
514940.16,5262379.19,511
510942.2,5261386.33,83
511206.76,5259836.42,291
510663.7,5262193.87,83
513306.05,5260965.31,119
510264.12,5260240.76,186
507622.34,5259321.49,389
510243.24,5258540.99,228
507904.27,5265022.14,202
513138.74,5265450.1,300
511899.79,5267129.08,112
513473.15,5265842.5,50
508546.66,5263355.99,0
507530.02,5266940.46,472
514738.67,5265772.65,268
506571.55,5259731.46,306
505966.96,5262930.84,36
505128.57,5258529.01,228
511594.49,5260335.89,110
505985.79,5262554.07,89
512778.4,5262896.49,334
514838.35,5261019.78,420
511700.44,5266372.46,27
513845.73,5264182.42,453
509625.37,5268357.15,587
510286.13,5261137.49,105
507541.44,5265419.64,330
511332.02,5262242.77,212
515007.23,5258795.86,195
513345.39,5267586.99,25
505565.94,5265821.15,360
506299.38,5258781.87,183
509442.88,5267408.55,300
506628.24,5263165.13,28
506695.49,5263768,12
508472.94,5260642.12,325
513335.59,5263190.97,447
515065.1,5261552.54,537
506394.41,5262171.09,185
514024.07,5263534.35,553
515178.27,5263765.93,694
506539.21,5259958.93,266
509627.66,5259992.11,196
505522.49,5265964.57,328
513297.55,5264141.47,547
510810.03,5262533.55,132
508534.6,5260723.92,272
506398.13,5261843.98,233
512914.14,5266848.42,0
511573.49,5268264.68,274
505239.17,5264156.62,0
511800.89,5262910.87,247
514522.53,5268286.51,5
512176.25,5266640.43,5
507863.6,5265387.66,233
510809.76,5258961.01,230
505017.32,5258701.72,192
511682.89,5268195.91,259
507246.57,5266263.88,444
514114.53,5263763.4,602
508287.76,5264378.71,53
510138.8,5264021.9,25
505070.15,5260914.83,85
506952.37,5259330.19,304
513411.81,5259713.68,299
507803.29,5266884.39,507
505227.3,5261023.79,109
509914.48,5265482.44,81
508300.11,5259675.72,165
515016.44,5262383.6,529
512455.94,5258441.59,323
506861.13,5265319.79,165
506250.87,5259968.87,298
506937.74,5267212.39,421
515024.44,5262527.01,546
514302.93,5263332.74,460
507434.74,5265739.83,465
509413.01,5264601.68,14
511272.71,5258951.5,255
513612.07,5261457.27,250
512344.04,5261921.5,229
511878.3,5264544.23,110
514008.06,5260900.98,185
513855.54,5261068.74,232
510427.33,5263796.23,68
515016.79,5265030.99,423
508506.8,5264396.09,36
514895.87,5260225.7,324
505448.79,5263382.45,19
507053.78,5264445.13,128
506852.92,5267203.87,407
507860.82,5258323.38,436
505035.22,5261444.19,71
512643.8,5264304.18,277
505309.77,5264616.2,25
510720.51,5264104.95,34
510720.01,5262444,118
508403.21,5267199.8,552
514136.06,5261079.25,268
512507,5265291.31,179
515097.82,5260434.87,414
511328.05,5268222.92,298
505599,5260654.66,269
515243.67,5259280.31,375
514256.78,5264906.7,309
511930.07,5259283.94,194
507945.71,5262630.52,74
513107.49,5258948.83,428
511604.3,5262574.9,226
511631.4,5262815.63,242
508565.43,5267257.16,535
513361.02,5268203.19,147
506371.25,5261308.39,246
513003.94,5265066.7,336
512618.44,5266383.11,2
506802.93,5267863.72,330
506404.12,5259820.35,289
507252.02,5259326.48,289
514309.59,5262892.36,378
514892.15,5260601.23,346
505589.55,5266437.82,165
513662.39,5258741.74,573
507984.26,5263530.38,5
511465.53,5267267.57,114
508212.67,5264952.94,144
508335.86,5260679.18,311
507746.83,5265394.27,266
511146.92,5268344.17,313
509994.93,5258805.27,260
514612.46,5266521.61,166
505453.77,5267795.41,106
505865.51,5259389.43,180
509545.48,5260583.51,130
511877.18,5262247.37,149
508464.78,5266854,401
505658.09,5266204.18,284
514018.54,5262409.94,275
508158.69,5260771,291
514412.92,5258327.59,359
505910.54,5266591.07,155
512770.04,5266572.29,0
507658.55,5263368.9,0
509860.87,5262081.56,33
509503.52,5259488.55,229
507665.43,5259511.35,427
509254.72,5260869.11,60
510102.65,5266235.44,269
509225.37,5260926.63,77
509174.88,5261262.19,153
507323.33,5267515.77,482
514456,5260700.23,276
506414.66,5265489.89,233
508124.85,5265188.12,168
511083.83,5259192.67,308
508428.27,5264780.85,100
512303.32,5259201.46,326
508216.39,5258935.52,227
512575.24,5261365.51,141
515135.57,5260021.05,396
505472.35,5259438.8,170
507452.24,5259181.15,370
514631.79,5268147.4,0
508413.9,5258489.41,183
511315.5,5263232.05,242
509446.42,5259672.89,225
505765.58,5267566.08,151
509440.28,5265292.25,95
515263.27,5259121.33,306
511646.92,5263173.06,274
512348.04,5266776.55,2
507692.14,5268129.83,447
509462.38,5259502.35,232
508429.06,5261350.84,142
511823.87,5258850.81,240
507565.06,5259638.01,441
506167.46,5268137.23,158
510506.18,5268119.86,389
505182.28,5260167.87,131
508991.43,5261100.88,192
513180.52,5267491.69,26
508894.09,5260472.56,160
513448.44,5264968.48,242
514915.96,5267601.9,0
505379.18,5266847.45,109
505438.13,5266784.75,111
508734.1,5260290.3,235
512261.9,5267260.79,68
512772.8,5264726.79,290
508210.21,5264146.71,33
511635.77,5263860.87,265
510675,5260282.31,132
511304.14,5267585.67,251
505778.75,5266928.15,137
505958.9,5267802.77,181
506451.91,5260125.08,255
505821.69,5261519.89,136
511775,5265765.06,0
515243.16,5264144.15,647
507410.79,5266738.75,436
507546.63,5261565.72,229
507007.13,5267191.15,426
507282.29,5258977.29,354
507927.43,5266480,373
513403.3,5261089.47,158
512585.1,5260253.74,141
510157.39,5259027.85,206
510004.23,5263650.64,47
509189.12,5262005.64,193
511477.62,5265969.76,8
505818.95,5261851.86,111
510664.42,5259701.35,142
508433.51,5265909.87,256
513470.52,5263626.89,545
511461.51,5263582.75,259
514032.83,5258471.35,524
508765.76,5260747.7,193
514342.06,5265284.82,323
510984.07,5263686.53,139
505282.71,5264592.8,25
513205.83,5263810.6,460
506714.21,5265625.25,289
506802.54,5261976.63,116
507741.69,5260013.33,357
514121.59,5264034.36,526
514779.94,5266514.07,198
506493.09,5265123.54,122
511144.24,5259769.85,303
508599.25,5262208.27,113
513517.25,5264420.42,437
511545.5,5265795.03,3
514393.02,5259648.44,183
507782.6,5260674.09,267
505249.02,5258446.9,245
511373.3,5266911.04,167
513354.9,5268235.41,146
512038.3,5261183.69,66
510515.01,5262287.15,55
511164.47,5258548.31,349
514480.22,5263174.04,385
512492.64,5262108.65,251
512805.87,5266613.76,0
513314.09,5258976.37,487
509437.58,5265388.06,112
510608.65,5261835,56
508951.92,5265494.96,141
507018.54,5266421.16,367
505533.83,5262802.07,29
514924.45,5264688.95,559
514481.96,5263591.34,598
510129.63,5262116.88,30
505562.56,5264334.54,0
507957.73,5266721.57,486
506092.16,5259860.72,333
510895.6,5260991.01,130
511076.64,5263035.29,180
514792.57,5261900.37,504
508727.61,5260918.85,217
508392.35,5265153.99,99
508940.19,5262058.6,141
511866.05,5263541.92,331
505595.3,5259307.05,129
512535.84,5265490.18,46
505409.71,5264218.26,0
506928.89,5260106.34,278
514130.7,5264285.22,494
508603.04,5265462.05,89
505711.01,5260292.53,171
505955.7,5264073.26,3
513402.55,5263130.98,447
514576.97,5263776.59,625
508570.66,5259873.49,154
513192.54,5266619.71,1
507776.22,5261311.11,250
511620.7,5260508.86,91
507083.6,5261660.02,109
507180.91,5258728.47,340
511001.29,5266579.98,141
507048.06,5261291.84,128
511112.23,5268312.88,304
512149.99,5267670.34,179
506378.03,5262043.91,245
510564.83,5262517.87,86
512441.46,5268048.71,74
510199.05,5261727.41,52
508912.3,5260061.17,136
508344.04,5266850.64,430
505167.44,5266276.51,143
505886.76,5265737.05,315
506341.89,5267917.33,190
505085.66,5263606.71,29
507304.47,5267614.08,480
511541.96,5258542.87,366
508502.88,5258519.03,166
513641.81,5265064.85,194
512338.14,5267961.21,117
508702.46,5259398.68,117
511199.15,5260847.85,78
513390.65,5266777.65,0
509670.2,5264313.73,0
509549.3,5258869.52,281
512654.69,5259029.84,384
513488.65,5261971.88,204
509915.62,5267659.44,558
515125.27,5268280.97,0
508808.96,5258806.33,153
510588.05,5265566.17,53
506897.82,5267302.65,422
513699.82,5266271.09,90
511714.16,5263559.17,294
507210.75,5268247.26,229
512963.91,5263388.22,442
505710.08,5262527.97,57
506136.45,5260274.49,222
507507.71,5262745.93,77
507204.16,5258795.33,357
506471.68,5267755.52,246
512874.2,5267186.74,15
508411.89,5260645.99,326
511219.4,5260272.87,166
509341.46,5262383.29,195
507864,5265099.94,196
512880.22,5265623.74,194
508031.25,5262314.92,68
509301.02,5266679.66,322
509821.85,5259772.11,220
507494.18,5258573.7,308
514237.08,5260472.51,210
511270.01,5263445.06,166
505870.35,5265354.97,191
505632.06,5265966.09,364
508788.56,5258728.32,141
509547.41,5261653.52,76
506099.68,5258994.13,152
512269.64,5266901.64,27
509475.83,5265730.16,219
508175.75,5267973.18,557
514652.65,5264604.06,483
505477.48,5266678.93,119
507148.5,5261255.1,153
512430.16,5267145.6,24
511340,5266686.33,157
507398.18,5260014.27,328
514829.34,5264008.55,654
509488.03,5264838.52,39
514563.49,5263122.26,403
509388.53,5267692.33,378
510894.56,5267501.1,280
512669.83,5258435.47,384
510047.07,5259994.93,203
508133.74,5262705.03,51
513125.83,5261877.14,170
505631.3,5258730.45,146
512140.52,5264030.62,281
510974.78,5262833.18,94
509623.16,5268244.01,570
509375.17,5260521.04,106
510777.37,5265857.75,59
510554.88,5260302.38,168
505163.26,5267492.28,82
505600.37,5261444.55,80
509642.74,5263332.58,6
508113.3,5266292.36,298
507830.63,5263621.42,9
509829.94,5266879.71,362
512211.85,5263020.89,267
511063.54,5259785.4,256
512333.05,5265215.58,128
514974.9,5264722.65,560
505600.18,5264948.28,82
514823.47,5259405.16,263
508468.48,5260405.11,345
506255.3,5267378.05,356
505222.32,5265168.12,109
512631.44,5259445.88,283
514319.45,5261868.45,416
512397.11,5262694.64,227
515023.77,5267108.95,27
512027.97,5261835.39,121
514549.91,5264487.55,482
506725.02,5261025.09,311
507444.71,5267704.72,495
514839.62,5259883.3,277
513918.08,5264614.88,378
505329.06,5262939.48,28
505372.54,5267726.51,97
506708.31,5264700.23,148
509780.39,5261662.45,53
505714.7,5266260.49,231
511967.79,5259926.78,162
512645.33,5265685.6,120
513154.62,5262077.62,187
509500.72,5261693.81,105
510092.24,5265915.99,154
512120.68,5263183.85,293
505972.27,5261903.51,146
506425.87,5258499.67,257
511262.78,5263993.93,156
506694.35,5258372.09,295
509446.33,5266609.24,247
514647.99,5268316.53,3
508034.35,5265506.33,189
511978.32,5261244.83,64
510223.89,5262836.88,33
508096.31,5260283.64,333
514037.52,5260312.82,165
514112.29,5262094.26,364
511436.97,5260293.23,140
514488.62,5262297.36,469
514259.27,5265044.53,272
514187.94,5260432.56,208
508837.37,5267255.99,450
506365.15,5259300.24,244
510366.77,5265518.69,60
512062.47,5264478.88,194
508808.8,5265418.74,108
510545.86,5265778.29,80
505127.06,5268130.16,136
506114.88,5265685.07,257
510040.76,5265825.73,107
509012.34,5261165.11,214
506991.08,5261665.7,105
505675.97,5262665.92,43
510394.1,5267154.26,294
505668.63,5258411.07,173
506596.89,5263123.74,31
508988.27,5266316.44,299
513980.09,5259065.92,460
508238.2,5263253.49,0
513508.58,5261310.69,173
505941.39,5260221.07,260
509158.78,5264266.81,3
510913.05,5261938.61,45
509002.82,5266636.11,327
512881.74,5266123.56,30
505238.02,5258324.35,265
511402.04,5259051.15,239
511808.26,5261662.32,82
507891.84,5259086.79,390
511906.04,5259695.84,165
515192.94,5266438.19,93
513547.96,5261871.85,236
512069.59,5263720.86,322
510098.27,5262388.17,48
508795.93,5263103.79,51
510794.3,5264693.63,0
510425.11,5264113.23,30
513932.72,5262883.56,290
510972.68,5261175.06,114
508378.72,5261849.51,116
505981.88,5267278.52,270
506087.85,5261507.28,154
511926.76,5266981.28,83
514514.66,5260172.39,213
505588.96,5266238.35,252
507134.08,5260521.31,297
505930.88,5267125.83,214
514678.13,5264402.99,538
507271.73,5266096.55,489
513499.17,5264427.73,413
510568.08,5262086.76,61
510649.21,5268088.32,346
510458.82,5259307.76,177
505859.79,5260511.23,198
511397.62,5265811.58,6
509695.15,5261942.14,48
508871.79,5263742.89,0
511589.59,5260468.81,97
509474.27,5264834.41,43
509780.17,5265733.57,162
508788.3,5268184.31,603
512061.02,5264293.94,254
506640.15,5263123.26,31
510913.42,5264323.24,8
514486.27,5258915.61,253
507418.36,5260559.95,348
507380.96,5259063.37,351
507411.57,5259921.23,337
511159.9,5263768.17,176
508216.32,5267651.84,565
507189.91,5260552.88,299
508557.11,5266730,353
513600.34,5262070.08,203
505575.12,5267286.68,116
509395.6,5265522.86,159
509357.24,5258581.87,251
508511.64,5264370.58,31
513620.85,5267078.19,0
512061.56,5263408.11,349
507973.55,5259441.04,262
508727.35,5261931.99,91
506770.63,5261137.38,284
507414.13,5260945.88,271
506212.21,5266045.62,347
510002.65,5262508.19,50
513530.65,5258832.6,577
511745.57,5263049.62,248
512295.91,5258944.3,260
510048.6,5265719,98
513900.21,5262376.05,236
512387.17,5262862.67,273
509502.73,5259060.05,245
509376.03,5265353.7,126
511536.04,5266530.78,81
508204.83,5263769.56,15
510881.08,5268369.08,327
507098.29,5261652.38,112
511543.66,5267254.59,98
505660.01,5262095.98,102
506897.57,5265581.71,298
509807.12,5260807.52,102
507579.84,5258574.47,315
505493.38,5264105.46,1
511365.37,5264761.2,0
513143.91,5259227.89,402
513912.87,5267747.74,1
512145.03,5263114.48,283
511212.36,5258590.8,316
514935.84,5262548.91,515
513649.25,5265415.17,100
514740.25,5262998.43,507
512342.59,5259893.42,185
513574.68,5259233.4,492
511108.98,5260322.43,134
505388.32,5266049.33,268
509195.95,5258375.71,227
505077.35,5259352.04,119
507099.96,5259934.19,299
513987.18,5264050.22,515
511347.08,5264737.12,0
514833.38,5262280.02,509
506266.58,5268085.7,178
513193.28,5262521.3,313
514848.41,5258609.52,243
512815.79,5264079.22,321
505344.29,5266398.2,146
514938.32,5261748.4,536
513849.77,5263286.01,421
511814.8,5261793.83,83
505077.72,5259758.75,157
513430.83,5267764.05,48
512394.44,5258466.08,306
507694.41,5268270.5,368
510613.35,5267632.76,394
510809.67,5259616.94,173
512886.85,5266263.99,3
512192.87,5268238.07,104
514046.82,5260398.5,161
512933.27,5259707.09,295
514197.83,5263041.07,304
514247.5,5267986.25,0
505530.92,5264366.02,0
508222.27,5265155.13,128
512803.87,5267487.11,40
508355.67,5264395.41,50
507105.79,5260948.54,224
506234.91,5266448.04,225
506720.83,5264069.32,2
512321.41,5265222.07,128
506596.73,5259828.54,278
508104.23,5265320.64,184
510161.07,5264810.27,0
513433.44,5267443.87,7
509804.73,5266844.44,340
515217.49,5258693.35,208
512836.95,5268281.4,252
505174.09,5262747.91,36
512663.06,5262541.39,263
508022.21,5259278.04,291
507989.29,5263379.68,0
510648.56,5267093.67,291
507359.97,5260881.69,294
514294.97,5264345.79,543
507099.84,5266329.71,403
509661.45,5264109.04,5
513193.12,5263877.35,476
508854.7,5263242.79,14
512568.41,5265096.35,210
510731.07,5263052.76,119
511854.26,5262715.35,218
505967.43,5268114.32,158
506289.47,5259013.18,146
506680.28,5267363.5,398
507215.02,5259726.94,349
513446.41,5263210.32,470
506138.01,5263012.11,37
511772.51,5261518.39,67
507149.66,5262527.7,77
507037.57,5264448.61,132
506343.23,5262447.48,125
513069.04,5261573.86,120
509832.54,5261043.19,125
512570.32,5258779.71,306
509097.18,5261527.35,172
512122.02,5265063.16,101
506378.15,5260155.05,240
509757.23,5265494.99,87
508992.85,5258435.38,178
512392.22,5259787.01,193
511452.92,5259380.51,202
508980.04,5265455.33,120
510799.98,5264105.74,34
509682.72,5261021.48,89
510297.87,5264161.15,20
507082.92,5262965.55,38
513625.01,5265542.16,106
510347.19,5258870.29,188
507495.57,5260216.22,329
506180.07,5260162.37,260
508137.84,5261448.39,144
512328.19,5266369.15,0
514566.71,5264548.15,490
511714.52,5267186.18,127
508783.94,5258745.72,141
510190.33,5261108.42,115
514437.59,5260019.83,201
514397.7,5267515.5,0
510137.74,5264701.46,0
506466.23,5266933.77,267
513954.99,5262764.3,250
505212.33,5267161.76,111
512834.25,5261597.57,195
507190.79,5259348.29,299
505315.35,5262878.5,28
514733.78,5260938.55,367
510946.68,5267142.34,290
506932.97,5262034.75,84
509860.44,5258652.32,304
512647.36,5259716.57,284
508353.17,5266683.51,380
510501.53,5259133.28,170
507255.3,5263459.73,0
505635.31,5263403.09,8
507531.06,5260897.75,301
505453.24,5261528.6,73
512268.11,5265502.66,81
506157.53,5259578.42,300
513197.95,5260822.36,89
508853.84,5259363.71,200
512701.57,5260009.13,181
511177.23,5267734.56,281
510187.22,5262203.62,31
510614.61,5266397.68,145
513723.62,5261339.75,214
509970.37,5260243.17,175
505452.07,5266365.2,166
509452.53,5261697.75,121
512939.08,5266581.99,1
514237.2,5264513.67,504
511113.74,5267477.66,227
508706.92,5266765.89,352
508809.86,5264977.37,49
506848.97,5259342.72,292
507524.71,5267930.92,465
509312.84,5266298.62,313
507114.05,5260697.85,270
507032.69,5259669.09,302
511468.62,5266826.24,153
511986.2,5261938.95,147
509124.73,5261743.05,125
514266,5266999.43,4
513703.62,5267697.33,4
507947.72,5261343.46,147
512308.03,5262285.58,253
514195.3,5263803.82,595
512723.21,5260948.75,79
508929.71,5260093.54,121
507158.75,5263398.78,0
510565.04,5267023.22,245
514439.18,5266955.59,38
510343.99,5267016.48,313
514356.87,5264564.43,457
507918.93,5267505.61,523
506701.95,5261567.33,185
506192.68,5264894.97,51
514450.67,5262468.94,399
513673.89,5266162.16,122
508369.05,5260157.97,240
506600.4,5263421.05,32
514844.91,5264230.77,614
511384.22,5267336.97,133
512836.36,5267336.65,29
508187.62,5261417.87,144
508253.49,5266738.64,410
505857.57,5260753.89,262
514326.06,5265944.09,267
507341.18,5258910.36,369
507193.2,5259067.11,296
507818.92,5259169.41,395
507669.93,5263789.19,21
506038.2,5259967.3,336
505825.84,5263558.34,8
508560.96,5258495.47,162
507397.52,5264827,183
513520.43,5259792.26,291
511050.83,5259487.99,256
510227.3,5262400.27,44
510141.66,5259498.03,206
505031.55,5266536.69,110
509526.82,5267402.94,356
505625.24,5262818.97,34
512646.97,5262387.4,249
509552.62,5266170.43,223
505066.91,5266640.56,99
511223.88,5260774.01,90
513556.89,5265368.68,131
509779.12,5262303.93,60
512874.31,5266814.24,0
508687.55,5261239.53,245
510487.8,5261703.23,58
506136.91,5267531.67,318
510997.54,5267639.48,291
505087.89,5267008.51,101
505394.74,5259555.53,210
507709.79,5266163.55,388
510946.88,5259929.53,215
506104.78,5264026.56,7
509653.21,5267219.61,378
506397.63,5261133.2,196
514633.5,5258885.95,188
506448.09,5264187.31,0
505433.62,5260290.53,155
513093.22,5262412.1,293
505540.71,5266842.1,119
506988.22,5265429.58,223
513869.37,5264478.01,394
508228.04,5264066.82,25
510540.84,5264641.84,0
511169.87,5263270.63,224
507447.27,5262673.21,90
514641.6,5266521,165
513646.8,5261475.6,248
506467.11,5266490.4,251
506724.13,5259849.22,289
510410.28,5267456.76,362
511349.18,5267292.43,152
506884.23,5264172.84,50
507987.94,5264891.69,190
513776.86,5264662.41,325
511971.98,5267315.75,126
511517.48,5268345.52,282
515082.58,5261848.45,573
513537.46,5262603.65,270
511827.14,5264724.51,74
507224.66,5260558.06,305
507683.4,5260941.55,309
506513.17,5264752.43,106
505100.25,5258700.39,198
512965.93,5266418.18,4
510063.95,5259466.21,227
510929.94,5260570.72,99
508949.92,5260289.89,113
511690.94,5262463.39,219
507852.63,5266808.21,508
506360.66,5267339.17,363
507236.11,5259712.97,357
507671.95,5266070.41,398
514574.34,5259746.77,214
512671.11,5259066.64,388
510866.87,5262777.38,79
512273.69,5264492.47,188
506001.58,5264289.8,14
510182.02,5261093.04,115
512662.55,5259775.71,265
509240.79,5268340.38,623
510885.12,5259045.55,278
511779.99,5263762.24,300
505074.01,5268232.23,131
506600.08,5259589.27,325
514676.84,5266919.63,124
507829.2,5262655.21,101
513852.7,5267342.67,0
511523.05,5262342.81,214
514620.63,5260719.9,288
508130.26,5262006.69,85
506051.59,5265500.51,182
512371.93,5268117.67,79
509137.91,5267243.89,328
513034.38,5259015.85,410
511174.49,5265191.63,0
512217.69,5266271.4,0
508391.59,5265364.06,181
511713.02,5260737.35,145
509753.33,5267633.38,460
510686.57,5262185.01,88
509035.53,5262743.57,133
513970.37,5260073.13,115
514693.33,5259463.16,201
511088.32,5261123,116
511223.06,5262514.57,178
506211.45,5266758.89,309
513221.58,5259226.37,420
505476.8,5265729.93,338
513150.86,5267798.18,77
505049.51,5264911.67,57
507206.52,5260246.64,291
508085.17,5266164.35,268
508277.99,5264289.24,43
512684.98,5262066.73,224
513968.14,5258840.59,539
514396.36,5268070.37,0
509684.86,5263828.57,22
511155.03,5267458.08,217
512332.07,5263382.31,387
507958.73,5263777.14,21
514215.74,5262203.09,367
512440.52,5263084.37,300
505462.73,5263251.65,18
508941.35,5266033.4,279
507005.65,5264962.49,161
515227.37,5266393.32,102
514120.13,5268303.26,7
506089.69,5264174.78,2
508413.69,5265002.01,83
513109.19,5258770.25,447
514746.96,5267715.14,0
511119.64,5258791.87,327
505570.12,5259540.28,230
507787.43,5261615.85,179
515234.06,5265215.23,304
512135.43,5258797.09,242
505433.35,5261061.77,169
506506.7,5266817.12,335
512224.16,5262244.63,248
505505.07,5265578.46,290
511365.27,5267707.05,263
505202.55,5261394.43,88
505216.14,5265992.82,245
508516.35,5261738.32,135
514794.7,5264655.75,489
508104.32,5267983.72,548
507445.71,5260604.57,346
509457.75,5258793.75,265
507508.37,5264514.67,108
508236.41,5263939.59,17
507281.16,5267686.38,486
505188.71,5260405,168
509866.7,5262013.93,32
509882.19,5261231.16,106
512957.08,5267340.21,26
507152.72,5267443.55,467
511991.99,5260974.64,105
514236.55,5264618.28,467
506793,5264595.65,62
505043.64,5264408.4,23
508304.74,5265102.25,101
509814.95,5259841.03,214
505390.11,5262629.69,18
514211.47,5260980.36,233
506993.96,5267144.61,415
508707.62,5265999.74,239
510750.66,5261923.99,44
509771.33,5261005.12,105
505609.97,5267307.27,122
510720.11,5267693.5,322
511107.73,5259150.39,318
508777.27,5263226.67,3
505435.98,5267716.94,104
512846.61,5259242.94,374
512525.86,5267712.27,85
508122.87,5261554.22,121
514520.68,5259340.51,154
515279.76,5266334.68,129
505944.04,5262323.53,90
514012.4,5266863.85,1
506616.89,5261554.44,218
506472.14,5261298.08,255
512438.33,5266071.23,7
511475.03,5263130.7,247
507258.9,5258560.38,314
512267.48,5261845.12,209
508295.63,5263723.55,10
511754.68,5263043.64,253
513445.26,5261225.44,161
513156.36,5264177.64,527
507134.55,5262979.83,41
505113.61,5262778.43,37
507970.68,5266478.31,370
514053.87,5262064.41,367
506181.18,5258376.1,200
508162.75,5259549.98,219
507782.76,5265411.71,258
506206.53,5265983.02,361
506747.75,5267638.2,348
508738.69,5260394.2,212
507400.6,5263397.14,0
510410.46,5262128.85,52
509364.05,5264981.17,65
512558.55,5260912.94,74
513004.59,5268154.73,194
505400,5262078.21,62
513503.68,5261423.81,222
508434.34,5263770.96,9
512065.82,5263982.13,228
514753.77,5260476.31,279
508030.23,5266438.53,362
513478.5,5262592.76,280
508601.84,5260118.09,158
512831.02,5263501.98,469
509925.9,5266721.23,356
505937.82,5264510.95,11
506450.16,5267846.41,221
513002.74,5262948.24,327
514069.3,5260367.38,174
507759.56,5258854.73,387
507530.8,5260614.44,339
513021.66,5262542.81,297
509236.85,5267378.95,316
509247.96,5260524.43,76
510358.19,5266999.39,296
505063.47,5266771.97,95
509335.62,5263042.16,40
513052.16,5264811.74,381
508041.55,5263873.14,22
514455.04,5265379.63,376
507200.31,5261558.78,143
508290.58,5261694.44,96
512462.05,5264857.8,220
508542.29,5266287.16,266
506693.03,5259047.68,191
513946.41,5263927.29,559
505219.04,5260141.96,140
513677.37,5267977.51,34
510564.96,5261779.7,60
508023.56,5264069.99,31
514554.07,5267148.88,22
507198.05,5266907.19,382
514444.5,5264226.59,563
508408.38,5266254.92,280
510037.78,5258768.09,261
509464.32,5263731.01,17
507576.12,5268186.53,360
508133.24,5262878.32,32
510715.99,5261415.6,89
506345.84,5266659.33,336
506084.18,5267825.63,208
508758.66,5260920.05,216
509538.37,5264984.64,47
514508.58,5261932.73,454
509425.56,5267055.5,221
510616.74,5263828.09,73
513024.15,5262112.72,243
515185.34,5263605.12,677
510037.7,5261143.24,121
509419.25,5264890.38,51
510560.36,5260170.78,154
512009.23,5262306.27,226
513039.73,5262128.3,242
507520.12,5258656.17,347
506877.13,5266037.52,448
507942.37,5266022.85,278
506951.25,5267652.85,420
510786.45,5265046.8,27
509364.31,5262813.24,77
509001.78,5261789.79,99
512232.16,5258858.83,238
506369.14,5266319.12,281
505300.94,5262830.67,29
512310.43,5259317.56,328
506503.74,5267817.72,238
512377.42,5266633.28,0
512337.73,5268016.75,109
507509.7,5267411.41,484
513689.52,5262251.55,199
514986.78,5260373.27,368
511008.55,5263020.12,153
513512.98,5260686.95,113
505634.63,5263030.3,20
505219.92,5267355.06,108
511125.15,5268272.23,308
505813.27,5263304.47,23
506736.48,5258377.54,284
507117.95,5265195.49,218
511953.75,5268101.71,195
513367.54,5265724.49,121
509730.41,5262575.47,55
508706.77,5261487.97,179
505875.42,5263490.9,14
510341.84,5264582.88,0
506212.19,5258898.72,162
514230.38,5263079.84,313
507772.94,5267059.76,500
513887.45,5264889.83,331
505519.41,5262484.68,47
505663.73,5265878.85,369
509541.18,5260371.49,167
507526.19,5261173.47,297
505554.34,5262795.19,32
513082.57,5259450.28,375
513902.26,5265599.29,232
510070.87,5260450,173
514136.34,5260781.5,218
512019.86,5266615.69,22
509835.52,5265614.93,124
514740.78,5259822.46,247
507122.05,5263362.09,1
506615.88,5263051.44,38
505337.56,5265504.05,241
510656.89,5263883.16,64
505119.62,5265375.51,147
508571.06,5261570.68,148
505373.33,5268303.49,159
505086.81,5262957.53,37
510158.45,5259291.93,231
508952.06,5261046.05,187
515231.01,5263322.87,655
507299.97,5264899.46,196
509999.62,5263139.03,20
512394.46,5260896.77,76
505168.23,5263088.7,35
513474.98,5266048.9,57
506884.09,5258394.04,215
510752.49,5262395.84,125
508715.62,5264343.86,23
509785.97,5266502.96,258
512485.56,5259294.59,336
513358.94,5262141.83,192
508927.46,5258308.13,168
515074.06,5262260.33,550
506878.11,5261883.57,110
512096.65,5259825.38,197
513064.22,5267964.82,131
512292.79,5266509.08,0
510358.58,5259282.33,203
509093.55,5261309.98,190
512899.36,5258673.39,415
507206.03,5264604.19,148
507390.38,5263266.18,0
507876.43,5264465.61,104
513822.98,5265570.15,197
509863.44,5265646.32,140
505466.93,5261238.81,148
512642.93,5266162.66,6
510240.46,5258695.04,213
512719.94,5266184.13,7
513354.21,5259747.11,287
507378.54,5264470.43,97
507736.95,5267822.08,522
505410.76,5267772.38,103
510195.31,5266230.87,211
510307.06,5261778.24,41
511634.59,5267203.96,110
512827.76,5261651.42,201
505049.75,5264916.68,57
509867.31,5258969.96,280
506630.14,5260320.8,268
508393.6,5264464.85,54
510288.74,5258587.07,221
506459.61,5265995.74,414
507039.7,5259315.9,290
514576.81,5259164.77,163
513125.07,5268355.4,199
505269.75,5265887.26,289
510838.86,5259371.44,261
511572.28,5259590.79,170
510708.89,5265978.57,66
514756.12,5261478.7,446
510601.95,5262514.65,92
506301.68,5262320.82,164
510288.65,5267394.19,400
508812.35,5266267.12,256
509476.78,5268041.53,477
507008.56,5262047.75,88
513904.29,5262594.67,239
511430.29,5267434.7,181
506553.98,5261204.23,253
514374.1,5258652.45,441
506463.93,5267605.79,302
514741.64,5263855.45,643
507008.4,5263416.73,3
512278.58,5259806.33,222
513515.36,5259818.08,289
508679.54,5263723.87,0
509287.25,5260249.05,146
506026.75,5263727.74,8
507610.85,5267831.82,511
515072.01,5265035.17,406
514426.11,5259775.6,194
507876.35,5260029.78,335
508948.37,5268050.28,619
514496.56,5263263.46,424
507935.63,5265573.84,216
507961.59,5265178.21,173
514073.53,5267084.65,0
505320.06,5266508.9,129
514237.46,5258671.76,515
506239.57,5261216.8,191
513161.75,5262798.25,358
505378.12,5265297.22,149
505134.52,5261912.09,43
512823.6,5266380.86,3
508638.59,5260906.98,239
510091.52,5262423.94,49
509135.1,5261010.57,117
505011.47,5266120.6,153
510749.66,5263605.72,105
512167.12,5267846.35,180
512541.19,5260492.75,102
505681.19,5262827.04,35
507286.05,5262772.44,85
512721.08,5266328.36,2
511931.85,5262470.09,158
511113.19,5259469.18,277
508883.99,5259035.86,177
508041.62,5266235.04,291
510524.55,5267634.85,429
507866.64,5259402.62,298
512268.95,5261885.03,213
509141.85,5262631.87,148
513870.81,5265866.64,186
512544.94,5261851.78,234
513463.5,5266111.4,55
507257.16,5260413.83,312
505076.16,5261433.4,74
514390.76,5265074.91,365
509881.19,5263789.69,34
512701.07,5258392.7,394
507524.77,5259932.9,368
510485.58,5265813.93,82
510067.1,5260801.39,150
509010.3,5258510.82,183
509656.62,5260455.21,171
509374.62,5268052.85,522
508914.24,5260263.4,128
509886.38,5260266.04,176
508509.24,5258421.94,174
514585.5,5259311.12,156
513757.09,5258717.54,586
508537.25,5260303.93,292
513612.32,5261119.28,190
507456.62,5258663.64,356
513897.33,5261803.38,327
510619.62,5265227.3,37
505080.73,5262894.49,38
506396,5258896.4,155
509878.6,5263876.96,32
508596.53,5262428.11,55
508825.21,5259727.03,119
506708.12,5264956.57,124
510754.4,5259520.95,196
513595.59,5258364.79,570
508495.03,5260614.07,330
509533.53,5267114.98,279
509423.8,5261988.15,159
508234.03,5264362.67,64
512006.21,5261834.4,116
513980.6,5264848.85,345
512817.75,5260751.22,102
506865.93,5263184.59,22
509093.26,5261705.08,128
505441.52,5260742.12,218
505563.43,5267387.14,120
513064.13,5268066.47,170
507144.81,5266663.41,419
508115.55,5262634.42,60
514658.58,5261964.43,474
511673.76,5266702.09,46
509815.08,5259763.38,220
506618.19,5262061.48,188
507886.08,5261445.86,168
510961.62,5262429,180
505238.64,5259706.08,198
509169.42,5263695.41,1
505058.51,5261890.62,37
508472.91,5264223.67,23
505702.09,5266583.25,133
509892.74,5266110.13,167
510481.77,5265639.38,62
510872.51,5266862.86,224
511538.63,5260605.94,87
514576.04,5262272.21,479
507446.83,5258795.9,367
506481.79,5264477.14,77
513161.72,5265284,331
513000.98,5265384.3,298
505979.09,5264472.04,8
512267,5261144.84,73
507036.09,5259447.89,350
514399.77,5264506.69,470
506055.84,5265713.08,269
510670.55,5265412.21,44
515272.57,5262456.14,627
509206.67,5264907.96,60
512290.14,5264594.28,137
509036.84,5262317.76,158
510370.32,5263003.32,63
512211.34,5260504.25,164
513725.63,5260065.7,169
507826.97,5264631.86,117
513022.18,5262262.18,267
506238.96,5262343.46,157
505534.23,5265971.31,328
509284.13,5264955.92,66
505635.8,5260235.31,169
507700.73,5263089.03,25
511226.18,5262993.42,193
511539.75,5261596.84,55
514492.21,5260118.53,217
508186.79,5267231.68,550
513957.73,5264807.62,349
507970.27,5265803,246
505514.73,5260798.41,237
514609.98,5261516.6,380
510558.83,5264634.68,0
505465.81,5267197.34,124
512157.09,5258631.62,278
507341.14,5267385.82,476
515170.36,5264279.4,596
512849.99,5267639.09,46
508728.83,5262868.16,137
506513.88,5264664.36,115
512752.4,5266361.49,2
513991,5262718.91,263
510148.55,5261862.9,45
514074.96,5261502.44,283
511605.59,5261240.21,74
507318.33,5263190.26,2
513468.44,5263927.57,558
507250.89,5262952.48,49
509516.41,5262869.82,54
513528.3,5264298.6,512
514881.62,5260799.81,353
510419.19,5265231.78,36
510741.46,5259256.32,206
506123.86,5262191.55,134
506871.6,5267749.11,374
514204.13,5260178.28,192
508776.56,5259079.63,166
506657.67,5265604.63,265
509684.19,5258940.77,279
514870.1,5266402.84,162
510502.55,5261967.85,52
512260.97,5266957.16,30
510786.63,5265006.83,26
512276.78,5261487.41,134
510677.82,5261327.95,100
506449.99,5264327.08,12
507068.46,5265052.78,160
505682.49,5264687.23,2
505620.54,5262144.17,94
511403.59,5265669.82,5
512323.28,5258924.19,267
511338.26,5259333.51,277
512589.62,5259203.06,363
507230.83,5263471.93,0
514085.5,5260822.64,188
514215.52,5260949.99,218
513656.91,5268064.92,51
514653.97,5264002.54,631
512518.26,5265575.3,123
506680.07,5267063.41,337
513276.11,5259538.55,329
510375.34,5263551.83,76
515228.86,5258773.3,251
507236.49,5264795.76,174
511308.69,5265296.26,0
510525.93,5258913,194
514980.07,5259516.61,316
514535.65,5262008.18,469
514756.11,5264026.68,643
510056.19,5264860.57,11
514805.54,5262430.71,478
512075.7,5260876.43,124
514478.86,5263503.25,549
511139.31,5260854.04,89
509409.77,5260357.19,164
510128.04,5267917.44,517
508561.59,5259763.23,124
508742.97,5258536.71,121
508905.69,5264665.69,32
512470.64,5265628.14,106
508828.87,5261810.03,94
514418.79,5260135.76,203
508709.73,5267836.38,599
514882.66,5263117.06,543
507732.97,5261649.01,208
510390.94,5260160.31,199
512527.39,5258393.53,343
506869.42,5266664.04,387
511721.54,5258459.31,307
513222.3,5262085.68,193
510079.18,5259228.98,244
511135.99,5263320.08,210
506528.38,5260569.1,232
505095.82,5268188.62,134
505443.11,5259914.31,195
506872.01,5268367.02,185
506976.82,5261607.57,116
514686.74,5267096.36,59
509429.34,5266553.01,248
508782.36,5262360.86,82
511265.95,5266271.62,53
511358.96,5262558.78,190
509930.34,5268257.93,514
506286.27,5261749.8,185
506024.88,5265605.31,219
512310.93,5264104.57,310
513920.35,5258912.3,503
509848.98,5267236.66,438
506420.02,5262114.32,224
508128.04,5264365.78,66
514508.78,5260610.66,263
513202.99,5258932.95,454
510440.96,5264117.93,30
509925.77,5263645.21,44
506046.35,5266495.67,196
515062.05,5262878.73,621
512791.23,5264173.27,325
514228.91,5260842.17,232
511480.12,5264809.81,0
510562.67,5260565.62,164
513575.57,5262643.12,293
506156.81,5264693.54,1
510660.89,5265249.39,35
512587.33,5265134.63,195
506927.14,5259790.26,284
509361.58,5266296.08,310
510494.75,5265214.75,37
514007.27,5260222.37,145
506476.28,5266555.75,284
507912.74,5262207.29,115
508255.82,5264684.04,94
511424.44,5260383.88,130
505188.15,5268164.17,142
507670.28,5262967.07,38
513631.49,5258464.83,566
505409.81,5259783.7,225
508966.06,5258902.01,177
513904.84,5260232.19,120
508778.68,5260344.87,210
509233.9,5266158.84,288
510578.29,5261507.69,83
506390.87,5264015.83,12
511935.35,5267359.96,146
511695.5,5261584.67,65
511516.57,5261322.01,59
512906.43,5268357.25,248
505908.61,5266757.73,166
512371.96,5261881.74,229
513630.3,5267744.08,10
511325.08,5261936.42,123
512767.94,5262468.11,245
509990.6,5265369.46,60
512921.4,5267904.74,119
511074.17,5260670.69,85
513865.12,5265652.89,225
505189.78,5265739.43,265
512399.15,5258535.6,301
512567.28,5258873.43,279
507098.98,5259353.81,325
506573.78,5262557.51,82
514062.8,5263844.18,586
514910.43,5260287.32,329
507536.08,5259485.81,404
513164.5,5267475.4,26
514217.73,5266660.3,48
506629.42,5268252.59,176
514176.91,5258401.06,466
513797.57,5266649.33,4
505656.76,5265538.13,305
506364.37,5264782.79,47
515120.84,5260596.87,447
509997.42,5258921.82,252
506366.18,5265402.49,190
506085.51,5266454.15,188
506170.51,5262725.85,62
515048.97,5261158.3,513
506850.38,5267971.43,313
512779.69,5261703.01,219
513284.41,5260435.15,124
508974.69,5262311.41,130
507642.55,5259026.58,386
511088.02,5262248.31,160
507116.56,5265607.77,343
506841.68,5260673.63,232
513964.09,5266125.45,197
511903.18,5261548.83,83
509290.1,5267396.33,318
506387.58,5262549.96,103
514933.65,5265726.11,252
513215.01,5265352.79,297
508693.1,5267257.19,499
510817.97,5264006.96,65
508284.07,5267087.91,542
506149.24,5260919.8,216
513163.98,5260684.52,104
508764.63,5258789.84,146
507753.69,5265256.85,224
514898.23,5261659.01,519
513310.8,5264463.95,496
506778.96,5268105.93,237
510642.62,5263425.42,126
505377.58,5267200.29,128
505866.42,5263219.92,26
508979.26,5261749.97,115
509613.74,5259650.07,210
514471.07,5264365.8,519
514700.51,5260184.27,235
515257.8,5260038.88,451
509857.24,5266505.41,293
505585.14,5267791.37,118
512083.01,5258331.56,312
514374.86,5260256.1,222
505165.81,5264531.18,26
514506.44,5260703.25,279
511384.4,5262974.95,215
510130.3,5264559.16,0
509872.28,5265461.59,78
513654.04,5258764.57,568
506829.78,5261595.73,144
515197.44,5264992.03,364
513225.34,5259198.77,427
509436.49,5267616.46,338
505182.31,5261937.88,49
509506.16,5259649.73,220
506205.05,5264493.9,0
513051.05,5260628.82,133
510320.06,5262836.91,54
514670.92,5264164.56,622
509290.03,5263654.71,9
513480.79,5267188.34,0
514695.75,5258683.43,296
505077.49,5266925.45,101
507881.18,5265553.12,231
510591.47,5263874.14,69
507269.89,5258296.73,258
509098.48,5267113.07,360
505904.98,5260698.97,270
505337.51,5266908.28,114
510793.49,5261677.19,68
507747.09,5262079.88,164
506302.11,5262038.19,230
506978.93,5261536.33,115
513494.63,5264102.7,562
508238.2,5267883.46,570
511212.84,5259533.03,300
506607.33,5262851.96,54
506177.5,5268065.96,160
512151.18,5262593.61,191
506820.69,5264558.55,62
507751.11,5261763.3,184
512611.61,5259603.76,286
508803.04,5262674.59,94
513833.68,5267014.52,0
509818.23,5265007.63,27
505787.74,5267388.31,186
511686.39,5261718.89,77
511158.22,5258845.95,314
505725.48,5260071.56,286
507044.94,5267126.11,416
510867.12,5266102.73,57
514583.54,5263081.03,409
505322.14,5260077.79,176
509478.78,5267501.32,308
510053.69,5268158.56,491
510885.32,5260141.32,148
510688.94,5267638.64,341
514085.54,5263377.04,451
505027.22,5265681.71,172
511705.58,5261423.72,57
508966.47,5262075.92,154
509145.69,5258546.89,209
512061.4,5260761.92,149
511521.51,5262987.54,234
506464.16,5265270.36,145
513710.34,5259034.52,550
512568.37,5261687.28,238
512882.96,5263926.32,384
510461.95,5265160.74,33
509058.71,5264583.21,25
511592.03,5262123.65,179
513948.78,5265952.08,219
510529.01,5264698.04,0
506668.89,5261831.16,162
506879.55,5261392.29,158
513162.2,5263166.51,403
509056.5,5268368.36,593
510231.23,5259833.08,226
509461.16,5267705.93,368
510389.16,5267482.88,370
507673.68,5267511.53,505
514251.23,5262430.82,353
509317.36,5267707.24,403
512834.92,5262850.23,330
506683.66,5260352.97,251
505799.14,5261142.21,164
506685.22,5262863.06,45
505014.04,5268197.55,129
512273.73,5258663.62,294
514189.42,5262171.36,372
514586.28,5260017.77,213
510147.69,5264992.07,31
508244.2,5263323.69,0
514574.27,5266293.69,260
510785.34,5262559.82,128
506053.04,5265900.01,349
507045.46,5267532.42,438
513492.89,5258978.95,565
511397.27,5258813.42,301
510572.5,5268338.02,335
514194.34,5266192.25,127
505536.31,5260877.34,225
514332.98,5263716.89,619
505865.12,5260213.4,267
514137.87,5265467.66,241
514399.68,5262310.35,454
507133.99,5263582.15,0
509527.73,5264541.48,0
510118.1,5266818.15,328
506457.24,5267659.38,285
508955.61,5263686.77,0
508904.09,5266148.82,278
506183.08,5265275.86,117
506589.21,5267547.18,347
508630.01,5263385.13,0
515106.3,5265514.86,298
514433.42,5265620.53,384
512133.35,5259308.54,266
506085.09,5260866.63,243
506254.29,5267082.64,225
506155.77,5266094.38,304
507370.81,5263959.79,29
513386.42,5261225.7,160
505501.54,5262073.87,78
514395.78,5258870.93,331
506993.32,5263860.41,0
505111.03,5267412.64,85
506499.22,5266469.21,256
507119.38,5261008.87,193
508193.86,5258824.13,266
511705.8,5262800.81,219
506100.57,5260163.84,275
506376.24,5267765.19,224
509330.77,5267902.24,478
508604,5261007.79,224
509908.71,5266832.98,371
507940.48,5268289.96,423
507075.28,5263265.76,8
512357.6,5258392.27,320
506015.16,5268071.43,155
512734.08,5261347.74,136
512179.37,5267773.24,177
514738.16,5259739.47,257
512512.53,5260312.56,118
507967.94,5263802.57,22
508456.62,5266200.72,249
511615.27,5259889.49,135
507994.65,5261233.65,171
506503.5,5263447.19,32
514576.54,5266272.16,274
511207.75,5267021.31,231
512870.51,5259187.58,376
508716.31,5261122.6,243
506200.55,5259948.12,315
508869.76,5261692.3,105
513090.54,5263646.18,468
508668.19,5266029.96,258
513287.33,5262536.56,312
505734.15,5263090.72,23
512666.13,5267393.76,44
515031.55,5267604.8,0
513382.93,5261520.8,210
510791.22,5262107.3,86
505109.77,5267854.33,124
513223.33,5259800.63,248
505132.53,5265463.27,169
506980.9,5261900.91,90
505869.2,5264938.73,98
514930.13,5267417.53,8
513737.55,5261912.09,287
514832.46,5262006.48,515
512296.49,5267827.01,150
508127.41,5259226.33,257
510083.97,5263050.44,17
514089.14,5259703.69,194
514247.79,5258629.64,520
510184.4,5259071.69,206
507502.55,5261684.41,180
507944.39,5267861.49,539
514298.09,5263813,596
508060.96,5262010.25,104
511119.28,5267500.68,244
510695.83,5262910.68,117
509466.54,5263151.26,21
511411.03,5268033.53,254
510245.44,5259910.91,218
506438.72,5268377.83,147
514609.67,5259159.18,159
505603.88,5266151.21,308
506206.61,5259724.89,316
505199.44,5264108.71,0
512923.47,5263197.41,385
510778.34,5260028.83,139
511787.1,5265904.56,0
509883.52,5263917.85,32
508184.44,5264323.01,49
507069.65,5264670.35,150
514269.56,5262232.2,411
515022.46,5267667.85,0
510485.09,5260463.25,172
510366.56,5261754.74,41
508672.51,5267755.95,599
510682.31,5263350.58,138
507228.93,5262153.02,111
506628.71,5262549.58,88
508247.07,5264775.83,105
514252.4,5261027.8,261
510095.71,5259214.65,238
515001.5,5259212.04,373
513020.58,5261366.27,126
506980.06,5262563.35,54
509543.24,5263965.51,7
506329.07,5261466.68,194
514685.33,5260672.17,276
513925.14,5263555.02,572
507940.47,5260151.76,349
508498.56,5259303.42,122
514343.66,5259947.16,159
505114.48,5265251.86,112
515249.86,5262488.67,614
511980.37,5258899.08,232
509569.15,5259706.41,206
508846.17,5259047.64,167
509466.02,5258499.46,283
512289.6,5258517.81,298
512072.52,5262352.6,237
506828.98,5268277.44,178
513812.58,5266668.25,2
508770.78,5258574.64,120
507696.8,5268037.14,466
508060.47,5259142.49,290
514942.08,5260156.76,332
507970.66,5267528.43,531
510982.19,5265273,24
506362.94,5260755.7,244
514975.99,5258757.66,187
509211.24,5263882.08,0
510148.17,5259903.29,223
506114.86,5267825.56,208
506557.73,5267160.16,333
509637.87,5266787.57,237
513260.23,5259684.01,288
509483.5,5267778.9,374
507401.52,5264404.01,110
508104.28,5260149.92,315
507691.19,5262712.79,87
513811.37,5259779.12,221
505427.79,5263319.28,27
512150.87,5267225.72,71
513681.39,5259846.66,279
505769,5267283.32,172
514150.67,5263501.65,510
513855.18,5258700.95,584
513864.47,5265279.26,204
512823.63,5259627.13,289
513424.49,5262086.36,160
515221.79,5261553.45,590
506696.9,5267405.55,399
509373.52,5264649.67,21
507868,5267776.72,539
509870.77,5267217.62,434
511706.66,5260076.39,115
514559.26,5259107.74,175
509276.85,5268205.41,633
508952.92,5261992.38,142
509636.85,5263336.85,6
507263.79,5258823.12,359
514773.09,5263414.66,576
506305.48,5267253.18,331
509589.89,5268235.36,570
511541.24,5267018,98
514647.32,5266636.96,121
512314.27,5261156.08,84
511006.2,5262552.08,168
513334.44,5266627.18,1
514731.59,5264041.54,640
513397.02,5260462.34,123
506969.84,5263183.47,15
514069.54,5262153.44,334
512864.59,5263639.26,474
510373.48,5259937.5,185
505242.84,5267815.32,89
510754.48,5258968.09,221
507362.3,5261843.25,169
510110.86,5260780.59,153
510175.03,5260815,152
508582.3,5266599.1,331
506171.69,5262799.47,53
507386.69,5260224.97,306
512346.37,5263273.73,356
510911.1,5266530.76,121
508517.92,5263006.15,68
505016.41,5265440.57,145
510937.45,5258540.14,382
507553.24,5262230.99,139
510532.69,5263900.65,66
506610.83,5267323.23,378
510108.14,5264217.33,11
506149.73,5259861.32,321
512689.53,5262749.23,308
507059.84,5261705.81,104
512791.88,5260519.15,146
505978.45,5261807.31,110
509744.23,5266540.68,234
509481.1,5258692.31,277
505408.29,5264637.13,30
512401.73,5262125.55,249
509094.84,5258677.36,204
509142.35,5261408.32,202
506899.15,5258913.17,287
506295.69,5265022.88,60
512686.39,5263510.09,447
512770.93,5263853.71,369
512768.51,5265231.92,274
505758.09,5263575.45,8
510521.96,5262713.02,54
507776.21,5260600.51,309
505793.74,5261620.91,107
506460.99,5263139.08,30
511428.72,5263182.3,251
511623.38,5266438.47,43
508102.65,5261015,245
505575.65,5259080.38,134
510829,5259530.53,202
514060.65,5261575.17,294
510519.21,5265366.81,50
507167.66,5266362.09,401
509616.98,5262843.78,46
507587.92,5259998.64,370
514774.57,5259267.05,254
507084.14,5259341.63,310
510964.47,5267491.93,257
510739.85,5266115.71,87
510708.94,5262587.16,110
506885.31,5262636.15,50
506840.98,5261375.21,180
506553.91,5258767.99,172
509674.36,5260015.86,201
509025.7,5263797.46,0
509065.48,5267618.53,416
514369.19,5267442.58,0
507965.97,5264351.09,87
510655.2,5266667.6,174
511804.85,5259314.27,180
513144.27,5265047.31,344
510983.33,5262240.77,129
515242.2,5261307.18,559
512627.08,5266595.38,0
514101.9,5262338.2,318
507473.17,5264930.05,204
512871.11,5261176.59,109
511914.03,5265617.44,0
506236.98,5266299.48,251
508339.53,5264841.1,113
505567.33,5264293.95,0
506435.83,5263784.19,32
513698.59,5267723.21,4
513429.19,5266766.29,0
510674.21,5258486.42,309
512690.47,5260904.65,79
513480.84,5266793.72,0
508707.28,5262824,138
512435.99,5261702.07,230
506938.38,5262586.53,54
507121.36,5266376.6,394
512025.67,5259685.87,192
513805.72,5266411.46,59
505697.01,5267772.49,134
506648.82,5262146.49,166
507052.48,5266145.54,469
505614.24,5258890.93,139
512032.65,5266903.53,53
511289.47,5262288.08,215
508197.33,5267233.05,550
514056.44,5264509.52,472
508775.83,5258545.94,120
